step,train_minibatch_ce,gradient_norm_before_clipping,validation_ce,validation_perplexity,lr,tokens_processed,elapsed_seconds,throughput_tokens_per_second
0,4.395524978637695,2.685647487640381,4.381368263731612,79.94734765890598,4.9180327868852455e-06,4096,0.18888836699994727,21684.765796091317
1,4.382264137268066,2.7220518589019775,,,9.836065573770491e-06,8192,4.415562223999984,1855.2563828619323
2,4.3683247566223145,2.714186429977417,,,1.4754098360655737e-05,12288,4.442218180999987,2766.1856080274406
3,4.346498489379883,2.6376070976257324,,,1.9672131147540982e-05,16384,4.468261783999992,3666.750246968079
4,4.3119659423828125,2.6761109828948975,,,2.4590163934426228e-05,20480,4.493921830999966,4557.266630390606
5,4.287296772003174,2.618549346923828,,,2.9508196721311474e-05,24576,4.520595084999968,5436.452400160094
6,4.2424702644348145,2.5908939838409424,,,3.442622950819672e-05,28672,4.546933653999986,6305.788072094902
7,4.19957160949707,2.5877888202667236,,,3.9344262295081964e-05,32768,4.572817248999968,7165.823214817092
8,4.14119291305542,2.5258519649505615,,,4.4262295081967207e-05,36864,4.599253259999955,8015.214191531684
9,4.077716827392578,2.4996402263641357,,,4.9180327868852456e-05,40960,4.625445630999991,8855.362978538506
10,4.022923946380615,2.4970366954803467,,,5.40983606557377e-05,45056,4.651201381999954,9686.959626036774
11,3.964702606201172,2.4054980278015137,,,5.901639344262295e-05,49152,4.67755529599998,10508.053222167662
12,3.900869131088257,2.3836283683776855,,,6.393442622950819e-05,53248,4.704088180999975,11319.515695958058
13,3.848872661590576,2.297320604324341,,,6.885245901639344e-05,57344,4.730179865999958,12123.006233268787
14,3.802138090133667,2.2388179302215576,,,7.377049180327868e-05,61440,4.756309616999999,12917.577901236955
15,3.7385241985321045,2.194714307785034,,,7.868852459016393e-05,65536,4.7825419199999715,13703.173144376828
16,3.7110791206359863,2.065873861312866,,,8.360655737704918e-05,69632,4.808442296999999,14481.19696547957
17,3.637359619140625,2.0842039585113525,,,8.852459016393441e-05,73728,4.83421648999996,15251.282219675812
18,3.5884788036346436,2.0952110290527344,,,9.344262295081966e-05,77824,4.8604947519999655,16011.538736458357
19,3.5678508281707764,1.956955075263977,,,9.836065573770491e-05,81920,4.886508049999975,16764.527789942025
20,3.5308332443237305,1.9023438692092896,,,0.00010327868852459015,86016,4.9120955139999865,17511.06014833087
21,3.486260414123535,1.9224681854248047,,,0.0001081967213114754,90112,4.93853631799999,18246.701896584127
22,3.477146863937378,1.746963620185852,,,0.00011311475409836063,94208,4.964740803999973,18975.411551011657
23,3.4224019050598145,1.7930164337158203,,,0.0001180327868852459,98304,4.990550931999962,19698.025596665877
24,3.4366190433502197,1.6200783252716064,,,0.00012295081967213115,102400,5.016455427999972,20412.81966315132
25,3.3957629203796387,1.6425336599349976,,,0.00012786885245901638,106496,5.0425101149999705,21119.640332144503
26,3.390864849090576,1.5144786834716797,,,0.00013278688524590162,110592,5.068136708999987,21821.03726673571
27,3.3658337593078613,1.4624519348144531,,,0.00013770491803278688,114688,5.093575646999966,22516.20628576497
28,3.321063280105591,1.4688780307769775,,,0.00014262295081967212,118784,5.120149283999979,23199.323576597595
29,3.308133363723755,1.409522294998169,,,0.00014754098360655736,122880,5.146338932999981,23877.168138315552
30,3.3081936836242676,1.283287525177002,,,0.00015245901639344262,126976,5.172050743999989,24550.41651462967
31,3.2622952461242676,1.2689754962921143,,,0.00015737704918032785,131072,5.198633835999999,25212.77784412128
32,3.2668135166168213,1.1458404064178467,,,0.0001622950819672131,135168,5.224921299999949,25869.863341291155
33,3.258845806121826,1.0613157749176025,,,0.00016721311475409835,139264,5.250575982999976,26523.56626223509
34,3.278656005859375,0.9611901044845581,,,0.0001721311475409836,143360,5.2768763709999575,27167.587398458145
35,3.212689161300659,0.9927816987037659,,,0.00017704918032786883,147456,5.303003099999955,27806.1312089373
36,3.2098259925842285,0.8850242495536804,,,0.0001819672131147541,151552,5.328679024999985,28440.819814625713
37,3.177820920944214,0.8911861777305603,,,0.00018688524590163933,155648,5.356387201999951,29058.392183052907
38,3.1734018325805664,0.8484289050102234,,,0.00019180327868852456,159744,5.38287153899995,29676.35375331246
39,3.1680526733398438,0.7476818561553955,,,0.00019672131147540983,163840,5.408660625999971,30292.157583784196
40,3.1331090927124023,0.7431499361991882,,,0.00020163934426229506,167936,5.434636584999964,30901.054260650457
41,3.1231985092163086,0.7034595608711243,,,0.0002065573770491803,172032,5.461365496999974,31499.814486779956
42,3.122244358062744,0.6337652206420898,,,0.00021147540983606553,176128,5.4879115449999745,32093.811745284027
43,3.1201343536376953,0.5919239521026611,,,0.0002163934426229508,180224,5.516714156999967,32668.721791815155
44,3.1174962520599365,0.48549407720565796,,,0.00022131147540983603,184320,5.547133546999987,33227.97232810166
45,3.084432601928711,0.4598146080970764,,,0.00022622950819672127,188416,5.57350547499999,33805.65442074861
46,3.1096739768981934,0.3939999043941498,,,0.00023114754098360653,192512,5.600334821999979,34375.087582933214
47,3.1056265830993652,0.39394691586494446,,,0.0002360655737704918,196608,5.6267101659999526,34941.909961530735
48,3.080911636352539,0.4385872185230255,,,0.00024098360655737703,200704,5.652931194999951,35504.412326391626
49,3.060093402862549,0.37467917799949646,,,0.0002459016393442623,204800,5.679957142999967,36056.6100841795
50,3.0773730278015137,0.35433948040008545,,,0.0002508196721311475,208896,5.7065342099999725,36606.45714415178
51,3.080204963684082,0.30499356985092163,,,0.00025573770491803277,212992,5.732799540999963,37153.22653037475
52,3.095353364944458,0.32314789295196533,,,0.000260655737704918,217088,5.759521866,37692.01767971897
53,3.110682964324951,0.35180994868278503,,,0.00026557377049180324,221184,5.7859081849999825,38228.05217915857
54,3.051501750946045,0.2794623374938965,,,0.0002704918032786885,225280,5.81199782799996,38761.19824317346
55,3.0331451892852783,0.28868404030799866,,,0.00027540983606557377,229376,5.840618537999944,39272.552813994815
56,3.087876796722412,0.2507726550102234,,,0.000280327868852459,233472,5.867205360999947,39792.709754445925
57,3.0596110820770264,0.3508603572845459,,,0.00028524590163934424,237568,5.893217904999972,40312.101780326266
58,3.0895838737487793,0.26557788252830505,,,0.00029016393442622945,241664,5.919781738999973,40823.12670548294
59,2.995617628097534,0.3109027147293091,,,0.0002950819672131147,245760,5.949380349999956,41308.503666268676
60,3.109720230102539,0.3144459128379822,,,0.0003,249856,5.978363046999959,41793.38023397255
61,3.1100616455078125,0.2874509394168854,,,0.0003,253952,6.004673178999951,42292.39334592636
62,3.0872764587402344,0.4236060082912445,,,0.00029999950405172913,258048,6.030518441999959,42790.350859854276
63,3.077239513397217,0.2992793023586273,,,0.0002999980162105606,262144,6.057343143999958,43277.05955698814
64,3.0427703857421875,0.2867267429828644,,,0.0002999955364874261,266240,6.085436897999955,43750.3509546706
65,3.048133373260498,0.27838146686553955,,,0.0002999920649005451,270336,6.111021427999958,44237.44920306665
66,3.0647873878479004,0.353471964597702,,,0.00029998760147542463,274432,6.137010151999959,44717.54049658313
67,3.087251901626587,0.22614510357379913,,,0.0002999821462448593,278528,6.163031082999964,45193.34662586539
68,3.1048591136932373,0.3342735469341278,,,0.00029997569924893064,282624,6.189281180999956,45663.46102801207
69,3.0425310134887695,0.28693094849586487,,,0.0002999682605350072,286720,6.215474217999997,46130.028046719206
70,3.052828788757324,0.28298020362854004,,,0.0002999598301577441,290816,6.24185313299995,46591.29168908024
71,2.977994441986084,0.3449900448322296,,,0.0002999504081790826,294912,6.267872841999974,47051.369329614296
72,3.064338207244873,0.15032267570495605,,,0.00029993999466824945,299008,6.2938418879999745,47508.025355720725
73,3.0378479957580566,0.24673230946063995,,,0.00029992858970175675,303104,6.320937019999974,47952.38412294784
74,3.0346415042877197,0.2987377643585205,,,0.00029991619336340114,307200,6.3472896349999814,48398.610692987684
75,3.02630877494812,0.30944037437438965,,,0.0002999028057442633,311296,6.3732500429999845,48844.15296743454
76,3.0446293354034424,0.3380054533481598,,,0.0002998884269427071,315392,6.399895864999962,49280.80185254731
77,3.091402292251587,0.3537737727165222,,,0.0002998730570643791,319488,6.426373399999989,49715.13171021164
78,3.0205276012420654,0.31189432740211487,,,0.00029985669622220764,323584,6.45240828499999,50149.33738031435
79,3.039388656616211,0.2758077085018158,,,0.00029983934453640216,327680,6.479254178999952,50573.72205925346
80,3.118978500366211,0.34292393922805786,,,0.0002998210021344521,331776,6.505610973999978,50998.438321313784
81,3.0216944217681885,0.35513681173324585,,,0.00029980166915112604,335872,6.531352024,51424.57469231641
82,3.080803871154785,0.21142010390758514,,,0.0002997813457284708,339968,6.55759003999998,51843.436068168885
83,3.0345499515533447,0.35640251636505127,,,0.00029976003201581035,344064,6.583797416999971,52259.202130307815
84,3.030430316925049,0.2313215285539627,,,0.0002997377281697446,348160,6.609823631999973,52673.11495490769
85,3.026919364929199,0.4250355362892151,,,0.00029971443435414854,352256,6.636222146999955,53080.802932319675
86,3.0532689094543457,0.3082770109176636,,,0.00029969015074017064,356352,6.662973819999991,53482.42535943215
87,3.0623459815979004,0.3780849874019623,,,0.00029966487750623195,360448,6.689365325999972,53883.736712513564
88,3.066828727722168,0.3535865545272827,,,0.00029963861483802453,364544,6.7154162089999545,54284.64724367205
89,3.052701950073242,0.3753618597984314,,,0.00029961136292851024,368640,6.741493200999969,54682.24753906441
90,2.9840383529663086,0.3453730344772339,,,0.00029958312197791927,372736,6.767797633999976,55074.93281528597
91,3.0864481925964355,0.2823908030986786,,,0.0002995538921937486,376832,6.7940854349999995,55464.7131840196
92,3.0792527198791504,0.21538536250591278,,,0.0002995236737907607,380928,6.819842964999964,55855.83157192272
93,3.0743494033813477,0.3152499198913574,,,0.0002994924669909817,385024,6.845766640999955,56242.64164864374
94,3.0556349754333496,0.3255768120288849,,,0.00029946027202369977,389120,6.871706790999951,56626.39746352978
95,3.0732767581939697,0.3206530809402466,,,0.0002994270891254638,393216,6.898344951999945,57001.49858206208
96,3.0155086517333984,0.2563322186470032,,,0.00029939291854008107,397312,6.924878481999997,57374.58080062237
97,3.051570415496826,0.35061898827552795,,,0.000299357760518616,401408,6.950864876999958,57749.36027432179
98,3.080876111984253,0.32349154353141785,,,0.0002993216153193879,405504,6.977448300999981,58116.37471278501
99,3.0336742401123047,0.3578283488750458,,,0.0002992844832079695,409600,7.004084833999968,58480.159750732375
100,3.000701427459717,0.40427401661872864,,,0.00029924636445718446,413696,7.029980032999958,58847.39331520694
101,3.0712666511535645,0.26449525356292725,,,0.00029920725934710587,417792,7.056245953999962,59208.82048664516
102,3.0621633529663086,0.302031010389328,,,0.00029916716816505385,421888,7.083057366999981,59562.97939440382
103,3.0176968574523926,0.3639407455921173,,,0.0002991260912055937,425984,7.109221121999951,59919.925500947575
104,3.060407876968384,0.4485393166542053,,,0.00029908402877053345,430080,7.135463580999954,60273.589111322915
105,3.057065486907959,0.3476293385028839,,,0.0002990409811689219,434176,7.161767876999988,60624.137427625355
106,3.015185594558716,0.4055222272872925,,,0.0002989969487170462,438272,7.18749594999997,60977.008272262305
107,3.0308642387390137,0.3499153256416321,,,0.0002989519317384296,442368,7.212976139999967,61329.46947471839
108,3.0570285320281982,0.27725204825401306,,,0.00029890593056382904,446464,7.239311448999956,61672.1635952926
109,3.0218400955200195,0.3431955873966217,,,0.0002988589455312327,450560,7.265329914999995,62015.077810819595
110,3.0325865745544434,0.3240676820278168,,,0.00029881097698585755,454656,7.290728172999991,62360.84917878896
111,3.0101852416992188,0.47647786140441895,,,0.0002987620252801468,458752,7.3168390869999484,62698.11246977929
112,3.0446994304656982,0.15966947376728058,,,0.00029871209077376727,462848,7.342829376999987,63034.0126722518
113,3.0185799598693848,0.21868246793746948,,,0.00029866117383360694,466944,7.368717432999972,63368.422557342725
114,3.026428699493408,0.37928637862205505,,,0.000298609274833772,471040,7.394779129999961,63698.995158494006
115,3.07578444480896,0.2720978856086731,,,0.00029855639415558415,475136,7.421025487999998,64025.65262284949
116,3.024273633956909,0.3983444273471832,,,0.000298502532187578,479232,7.446795477999956,64354.12405454045
117,2.9847311973571777,0.24786387383937836,,,0.0002984476893254979,483328,7.472221614999967,64683.306371662286
118,2.987854480743408,0.2648637294769287,,,0.0002983918659722954,487424,7.498501032999968,65002.85828526365
119,3.02579402923584,0.3085443377494812,,,0.0002983350625381259,491520,7.52481671299995,65319.86342615429
120,3.0624186992645264,0.341807097196579,,,0.000298277279440346,495616,7.55055275999996,65639.69761599317
121,3.0381410121917725,0.3607759177684784,,,0.00029821851710351,499712,7.576468533999957,65955.79428034391
122,3.0049784183502197,0.4693148732185364,,,0.0002981587759593675,503808,7.60238222299995,66269.75403522846
123,3.028975486755371,0.41710031032562256,,,0.0002980980564468593,507904,7.627832665999961,66585.62428406614
124,3.0679805278778076,0.3003397583961487,,,0.0002980363590121149,512000,7.653277602999992,66899.4418547293
125,2.997528076171875,0.4380062520503998,,,0.00029797368410844886,516096,7.679738681999993,67202.28661030377
126,3.0813794136047363,0.23265309631824493,,,0.0002979100321963577,520192,7.70581413299999,67506.4296934296
127,3.0944247245788574,0.3123033344745636,,,0.0002978454037435163,524288,7.731447680999963,67812.39706095897
128,3.033970594406128,0.4683833718299866,,,0.00029777979922477455,528384,7.757836243999975,68109.71298970895
129,3.0398507118225098,0.48385149240493774,,,0.0002977132191221539,532480,7.783920102999957,68407.69084908513
130,3.045910596847534,0.25934961438179016,,,0.00029764566392484384,536576,7.80953733399997,68707.78345138802
131,3.024948835372925,0.2086106538772583,,,0.00029757713412919813,540672,7.835879966999983,68999.52555130828
132,3.0550642013549805,0.2779441475868225,,,0.00029750763023873134,544768,7.862052976999962,69290.80757833751
133,3.0264930725097656,0.38383057713508606,,,0.0002974371527641151,548864,7.887619825999991,69585.50387922824
134,3.0268187522888184,0.37587031722068787,,,0.00029736570222317437,552960,7.913085639999963,69879.18811403165
135,3.097052574157715,0.4340417981147766,,,0.0002972932791408835,557056,7.939425407999977,70163.26388540605
136,3.0162525177001953,0.43557411432266235,,,0.00029721988404936257,561152,7.965891420999981,70444.34456144733
137,3.047271728515625,0.39998066425323486,,,0.00029714551748787326,565248,7.992018601999973,70726.56210516687
138,3.0276122093200684,0.23472104966640472,,,0.0002970701800028152,569344,8.018552134999993,71003.34205160101
139,3.0316853523254395,0.33202695846557617,,,0.00029699387214772156,573440,8.04466920799996,71281.98626610365
140,3.005066394805908,0.34048178791999817,,,0.00029691659448325536,577536,8.070205837999993,71563.97390517223
141,3.002875328063965,0.341133177280426,,,0.0002968383475772051,581632,8.09620059599996,71840.11723812319
142,3.0238819122314453,0.38066181540489197,,,0.00029675913200448054,585728,8.122668533999956,72110.29202389008
143,3.0050079822540283,0.3787592649459839,,,0.0002966789483471089,589824,8.148698257999968,72382.60410746484
144,3.059101104736328,0.28113093972206116,,,0.00029659779719423007,593920,8.17434885299997,72656.55169365968
145,3.0720443725585938,0.38187822699546814,,,0.0002965156791420925,598016,8.200219913999945,72926.82467930262
146,3.013745069503784,0.3039802610874176,,,0.00029643259479404893,602112,8.225899445999971,73197.10190388851
147,3.052090883255005,0.3381485044956207,,,0.0002963485447605518,606208,8.251310760999957,73468.08495751469
148,3.008436679840088,0.3231290876865387,,,0.0002962635296591488,610304,8.27786206099995,73727.24931904415
149,3.069627046585083,0.2646014988422394,,,0.00029617755011447823,614400,8.304224798999996,73986.43640692225
150,2.975550651550293,0.3968939185142517,,,0.00029609060675826477,618496,8.329983147999997,74249.36989800501
151,3.030647039413452,0.21445675194263458,,,0.00029600270022931433,622592,8.35727176499995,74497.03892691393
152,3.029193639755249,0.2495783120393753,,,0.0002959138311735098,626688,8.386534973999971,74725.49771065942
153,3.03749680519104,0.34205156564712524,,,0.0002958240002438061,630784,8.415479087999984,74955.20972768666
154,3.038444995880127,0.2957403361797333,,,0.0002957332081002253,634880,8.442410360999986,75201.27224955217
155,3.026562452316284,0.29954588413238525,,,0.000295641455409852,638976,8.467918469999972,75458.4497080074
156,3.0870745182037354,0.44282668828964233,,,0.00029554874284682824,643072,8.493510516999947,75713.33416411004
157,3.0476558208465576,0.24642863869667053,,,0.00029545507109234856,647168,8.519666106999978,75961.66233184538
158,3.0372350215911865,0.25421905517578125,,,0.00029536044083465507,651264,8.545742381999958,76209.17772711806
159,3.048360586166382,0.27269020676612854,,,0.0002952648527690326,655360,8.57144343799996,76458.53405443694
160,3.029104709625244,0.3289158046245575,,,0.0002951683075978029,659456,8.597756181999955,76700.94220403928
161,3.037374496459961,0.38820257782936096,,,0.00029507080603032043,663552,8.623858721999966,76943.7465745166
162,3.012744903564453,0.3354041576385498,,,0.00029497234878296633,667648,8.649388237999972,77190.19907867872
163,2.998791456222534,0.28786951303482056,,,0.00029487293657914356,671744,8.675418233999949,77430.73381377269
164,3.0223264694213867,0.3072590231895447,,,0.00029477257014927155,675840,8.701863478999996,77666.12308168117
165,2.987161874771118,0.2986429035663605,,,0.0002946712502307808,679936,8.727669137999953,77905.79469145816
166,3.0291285514831543,0.316261351108551,,,0.00029456897756810745,684032,8.753317934999984,78145.45353881302
167,2.9991891384124756,0.3707801401615143,,,0.0002944657529126878,688128,8.77962475299995,78377.83724923669
168,3.0595741271972656,0.4350023567676544,,,0.0002943615770229528,692224,8.805509391999976,78612.60140485485
169,3.055178642272949,0.4785879850387573,,,0.00029425645066432244,696320,8.831239068999992,78847.37289518854
170,3.07350492477417,0.32270726561546326,,,0.00029415037460920024,700416,8.857627714999978,79074.89708716006
171,3.0565781593322754,0.2989952862262726,,,0.00029404334963696745,704512,8.883739655,79303.53965331282
172,3.036987781524658,0.3023538589477539,,,0.0002939353765339775,708608,8.909266466999952,79536.06535674895
173,3.0324511528015137,0.38081106543540955,,,0.0002938264560935499,712704,8.935236759999952,79763.30332851793
174,3.0130789279937744,0.2816601097583771,,,0.0002937165891159647,716800,8.96123162799995,79989.004832808
175,3.0635409355163574,0.34320318698883057,,,0.00029360577640845663,720896,8.987261481999951,80213.08843008959
176,3.0226190090179443,0.29014793038368225,,,0.00029349401878520884,724992,9.013444177999986,80434.51378659008
177,3.0486936569213867,0.3324338495731354,,,0.00029338131706734737,729088,9.039903563999985,80652.18780690094
178,3.0125107765197754,0.22666038572788239,,,0.0002932676720829347,733184,9.06591616999998,80872.57661020283
179,3.062068462371826,0.38215380907058716,,,0.00029315308466696397,737280,9.09148031999996,81095.70433519932
180,3.047832489013672,0.3272787034511566,,,0.0002930375556613526,741376,9.117968136999991,81309.34314099596
181,3.0629987716674805,0.28692883253097534,,,0.0002929210859149364,745472,9.14427632099995,81523.34573355071
182,3.032527208328247,0.30990004539489746,,,0.00029280367628346294,749568,9.169910550999987,81742.12778098026
183,3.000566005706787,0.2653449773788452,,,0.0002926853276295856,753664,9.195893334999994,81956.58350358633
184,3.0610008239746094,0.2199321836233139,,,0.0002925660408228574,757760,9.221634423999944,82171.9843965921
185,3.0298056602478027,0.32926851511001587,,,0.0002924458167397237,761856,9.247102910999956,82388.61482699937
186,3.0868611335754395,0.3490556478500366,,,0.0002923246562635169,765952,9.272522103999961,82604.49437694899
187,3.0666568279266357,0.3606286346912384,,,0.0002922025602844493,770048,9.299031415999991,82809.48472494124
188,3.0513715744018555,0.38713765144348145,,,0.00029207952969960665,774144,9.325019053999995,83017.95369178668
189,3.0035858154296875,0.2768109142780304,,,0.0002919555654129416,778240,9.350425117999976,83230.4403467019
190,3.075110912322998,0.3399679362773895,,,0.0002918306683352671,782336,9.376929512999993,83432.00179924404
191,3.0246846675872803,0.26457756757736206,,,0.00029170483938424966,786432,9.403147549999971,83634.97390828482
192,3.1320672035217285,0.44843482971191406,,,0.00029157807948440264,790528,9.428919686999961,83840.78200283469
193,3.0600836277008057,0.3060287535190582,,,0.00029145038956707945,794624,9.45502315799996,84042.52287078358
194,3.0056135654449463,0.29408276081085205,,,0.00029132177057046663,798720,9.481102008999983,84243.37162935396
195,3.016517162322998,0.3658839762210846,,,0.000291192223439577,802816,9.506924700999946,84445.39377865895
196,3.0094242095947266,0.2867479920387268,,,0.00029106174912624293,806912,9.532506550999983,84648.46005433408
197,3.016347885131836,0.42993053793907166,,,0.00029093034858910887,811008,9.558805461999953,84844.074212419
198,2.9984517097473145,0.3671236038208008,,,0.0002907980227936248,815104,9.584788899999978,85041.41390114516
199,3.029581069946289,0.2967761754989624,,,0.0002906647727120388,819200,9.610741159999975,85237.9630625701
200,3.06136155128479,0.3417024314403534,,,0.00029053059932339023,823296,9.637163265999959,85429.28839906648
201,3.076707363128662,0.25613489747047424,,,0.0002903955036135021,827392,9.663219935999962,85622.80538783789
202,3.0642714500427246,0.40457266569137573,,,0.0002902594865749742,831488,9.688837168999953,85819.17370439442
203,3.02191424369812,0.346802681684494,,,0.00029012254920717553,835584,9.714610874999948,86013.12093213455
204,3.0367887020111084,0.39072951674461365,,,0.0002899846925162374,839680,9.740495825999972,86205.0572167662
205,3.0473039150238037,0.3420749306678772,,,0.00028984591751504544,843776,9.766407675999972,86395.7381252372
206,3.027785301208496,0.33555588126182556,,,0.00028970622522323257,847872,9.791987588999973,86588.34504166183
207,3.019047260284424,0.34113192558288574,,,0.00028956561666717147,851968,9.818023713999992,86775.91588876872
208,3.037036418914795,0.4390151798725128,,,0.0002894240928799668,856064,9.843860102999997,86964.25904499674
209,3.0563249588012695,0.503895103931427,,,0.0002892816549014478,860160,9.869226847999983,87155.76338933916
210,3.0569567680358887,0.40367740392684937,,,0.00028913830377816087,864256,9.895585597999968,87337.52959245563
211,2.996588706970215,0.31540295481681824,,,0.00028899404056336125,868352,9.921807909999984,87519.53352420843
212,3.0222136974334717,0.46120455861091614,,,0.00028884886631700595,872448,9.947394430999964,87706.18336808999
213,3.023897647857666,0.4478414058685303,,,0.0002887027821057456,876544,9.972871749999968,87892.83788794365
214,3.0489273071289062,0.2310599833726883,,,0.0002885557890029167,880640,9.999001426999996,88072.79471148338
215,3.0688180923461914,0.33616456389427185,,,0.00028840788808853356,884736,10.025020328999972,88252.78861935787
216,3.0523171424865723,0.3199918568134308,,,0.0002882590804492807,888832,10.050918411999987,88432.913646857
217,3.0690670013427734,0.43121135234832764,,,0.0002881093671785049,892928,10.077569079,88605.49533326598
218,3.049525260925293,0.3104511797428131,,,0.0002879587493762064,897024,10.104025583999999,88778.87259316347
219,3.0287587642669678,0.3508523404598236,,,0.0002878072281490318,901120,10.129798393999977,88957.34791066979
220,3.0356626510620117,0.28451278805732727,,,0.00028765480461026544,905216,10.156234351999956,89129.0973235317
221,3.0237438678741455,0.31186166405677795,,,0.0002875014798798213,909312,10.182609978999949,89300.48404832502
222,3.036530017852783,0.24982847273349762,,,0.0002873472550842346,913408,10.20845081699997,89475.67230072913
223,3.086054801940918,0.2877908945083618,,,0.0002871921313566539,917504,10.234314989999973,89649.77146946329
224,3.0493640899658203,0.2904014587402344,,,0.00028703610983683235,921600,10.260391782999989,89821.13154070395
225,3.065594434738159,0.4119279980659485,,,0.0002868791916711197,925696,10.286218176999967,89993.81347654677
226,3.003368616104126,0.29999840259552,,,0.0002867213780124536,929792,10.31161588499998,90169.37891883099
227,2.9764914512634277,0.5635589361190796,,,0.0002865626700203513,933888,10.33818992199997,90333.80185951693
228,3.050231456756592,0.3494742512702942,,,0.0002864030688609009,937984,10.364383181999983,90500.70646066176
229,3.026663303375244,0.38711389899253845,,,0.00028624257570675313,942080,10.390076206999993,90671.13476658647
230,3.0525121688842773,0.3397883474826813,,,0.00028608119173711245,946176,10.416422572999977,90835.02453640348
231,3.0195119380950928,0.5018346905708313,,,0.0002859189181377285,950272,10.442315047999955,91002.0427110182
232,3.0188663005828857,0.5343227982521057,,,0.00028575575610088736,954368,10.467857683999966,91171.28153726655
233,2.9955813884735107,0.6154059171676636,,,0.00028559170682540286,958464,10.493929572999946,91335.08980906947
234,2.9429502487182617,0.36883583664894104,,,0.00028542677151660763,962560,10.52040113299995,91494.61012286712
235,3.1001734733581543,0.9644055962562561,,,0.0002852609513863443,966656,10.546377678999988,91657.63159845976
236,3.0356595516204834,0.43733564019203186,,,0.0002850942476529567,970752,10.572126722999997,91821.82785305612
237,3.0796523094177246,0.45476070046424866,,,0.00028492666154128086,974848,10.598589469999979,91979.0319984912
238,3.03226900100708,0.7881028652191162,,,0.00028475819428263585,978944,10.624853530999985,92137.17602259164
239,3.0083534717559814,0.5515272617340088,,,0.00028458884711481504,983040,10.651068797999983,92294.96294161498
240,3.0171098709106445,0.6074769496917725,,,0.00028441862128207666,987136,10.677976680999961,92445.97824946341
241,3.0184924602508545,0.6920580267906189,,,0.00028424751803513487,991232,10.704291592999994,92601.36379769495
242,3.032724380493164,0.5870280861854553,,,0.00028407553863115054,995328,10.730458327999997,92757.26810315238
243,3.017591953277588,0.35497793555259705,,,0.0002839026843337221,999424,10.756963145999975,92909.49373305608
244,3.0442581176757812,0.6341459155082703,,,0.000283728956412876,1003520,10.783765693999953,93058.40171938777
245,2.9786911010742188,0.6464474201202393,,,0.0002835543561450576,1007616,10.809931559999995,93212.0610021698
246,3.0531575679779053,0.46829846501350403,,,0.0002833788848131218,1011712,10.836444263999965,93361.98990669244
247,2.9926633834838867,0.6162319779396057,,,0.00028320254370632343,1015808,10.862877123999965,93511.87428565479
248,3.0230460166931152,0.598055899143219,,,0.0002830253341203078,1019904,10.88892694399999,93664.3257177868
249,3.0123445987701416,0.46143555641174316,,,0.00028284725735710164,1024000,10.91516599299996,93814.42303824832
250,3.0584356784820557,0.4723510146141052,3.0079380369621207,20.2456111547166,0.0002826683147251027,1028096,10.941778372999977,93960.59442557694
251,2.9863638877868652,0.5927700400352478,,,0.00028248850753907095,1032192,15.20082602299999,67903.67828947032
252,2.990342855453491,0.5297123789787292,,,0.0002823078371201184,1036288,15.226478923999991,68058.28223139637
253,2.997346878051758,0.3618910312652588,,,0.0002821263047956995,1040384,15.251979560999985,68213.04708933062
254,2.992541790008545,0.8040049076080322,,,0.00028194391189960167,1044480,15.277999913999963,68364.9696216383
255,3.0315680503845215,0.40743619203567505,,,0.0002817606597719351,1048576,15.303686457999959,68517.87004900769
256,2.991574764251709,0.5017763376235962,,,0.00028157654975912317,1052672,15.329114268999945,68671.41711695748
257,2.968017816543579,0.4770934581756592,,,0.0002813915832138924,1056768,15.355574848999993,68819.82670084281
258,3.0528738498687744,0.49675360321998596,,,0.00028120576149526265,1060864,15.381788135999955,68968.83448271693
259,2.993499279022217,0.4996974766254425,,,0.00028101908596853695,1064960,15.407360434999987,69120.21072608866
260,2.9537858963012695,0.683266282081604,,,0.0002808315580052918,1069056,15.433411576999958,69268.9360784746
261,2.989935874938965,0.3532067835330963,,,0.0002806431789833666,1073152,15.45980764999996,69415.61139022339
262,3.004086971282959,0.4317154884338379,,,0.00028045395028685404,1077248,15.486231014999987,69561.66409738922
263,3.02573823928833,0.47108927369117737,,,0.00028026387330608955,1081344,15.511989809999989,69710.2056696104
264,3.001005172729492,0.5510091781616211,,,0.0002800729494376414,1085440,15.538061324999944,69856.84875973444
265,3.0027151107788086,0.49780240654945374,,,0.0002798811800842999,1089536,15.563791338999977,70004.53657264246
266,2.9893767833709717,0.5813649296760559,,,0.0002796885666550679,1093632,15.589239675999977,70153.00442674402
267,2.9552807807922363,0.450341135263443,,,0.0002794951105651498,1097728,15.615583761999972,70296.95570339717
268,2.95528244972229,0.42490682005882263,,,0.0002793008132359413,1101824,15.64200612999997,70440.06956926068
269,2.921802043914795,0.4877322018146515,,,0.000279105676095019,1105920,15.667773350999994,70585.65216795243
270,2.947974920272827,0.580734372138977,,,0.00027890970057613,1110016,15.694265770999948,70727.48838312022
271,2.928649425506592,0.40009909868240356,,,0.0002787128881191814,1114112,15.72041795299998,70870.38037607583
272,2.9836456775665283,0.5918342471122742,,,0.0002785152401702293,1118208,15.746148720999997,71014.69824863851
273,3.02474308013916,0.6586126089096069,,,0.00027831675818146875,1122304,15.772229218999996,71156.96737706664
274,2.9561076164245605,0.8226221799850464,,,0.0002781174436112226,1126400,15.798521046999952,71297.81304522153
275,2.9884700775146484,0.6170681715011597,,,0.0002779172979239311,1130496,15.82431084999996,71440.45707368058
276,2.968588352203369,0.6904347538948059,,,0.00027771632259014113,1134592,15.849919823999983,71583.45358201739
277,2.899697780609131,0.6158692836761475,,,0.0002775145190864951,1138688,15.87667356999998,71720.81701998497
278,2.9468305110931396,0.7559998035430908,,,0.0002773118888957205,1142784,15.903492019999987,71857.42593908636
279,2.950740337371826,0.5598408579826355,,,0.0002771084335066186,1146880,15.929596249999975,71996.80280659981
280,2.953442096710205,0.860025942325592,,,0.0002769041544140539,1150976,15.958550020999951,72122.84314586375
281,2.960266351699829,0.5123446583747864,,,0.00027669905311894277,1155072,15.987311329999955,72249.29671773667
282,2.9918065071105957,0.5230751633644104,,,0.00027649313112824286,1159168,16.01335745199998,72387.56790851666
283,2.9263598918914795,1.2680251598358154,,,0.0002762863899549416,1163264,16.039564262,72524.66345086052
284,2.930959701538086,0.7508015036582947,,,0.0002760788311180453,1167360,16.065211294999983,72663.84354143667
285,3.0006513595581055,0.9349722266197205,,,0.000275870456142568,1171456,16.090918595999995,72802.30727729923
286,2.8791403770446777,0.8659235835075378,,,0.0002756612665595202,1175552,16.118396101999963,72932.31861041918
287,2.9774529933929443,0.7485455870628357,,,0.00027545126390589764,1179648,16.145047776999945,73065.6245985542
288,2.9183013439178467,0.47171321511268616,,,0.00027524044972467,1183744,16.171154804999958,73200.95653490364
289,2.948537826538086,0.6840550303459167,,,0.0002750288255647695,1187840,16.198255738,73331.35241305079
290,2.9218175411224365,0.5556595325469971,,,0.00027481639298107974,1191936,16.224768643999994,73463.9751205811
291,2.9252758026123047,0.5404624342918396,,,0.00027460315353442394,1196032,16.250702959999956,73598.7854152497
292,2.8998703956604004,0.5448348522186279,,,0.0002743891087915537,1200128,16.277466834999984,73729.40840029677
293,2.9318182468414307,0.46007347106933594,,,0.00027417426032513755,1204224,16.303938887999948,73860.92454543822
294,2.8631372451782227,0.5286803841590881,,,0.0002739586097137492,1208320,16.329862470999956,73994.49947272023
295,2.8722145557403564,0.5502316951751709,,,0.0002737421585418559,1212416,16.356381414999987,74124.95277764351
296,2.874484062194824,0.6065132021903992,,,0.0002735249083998072,1216512,16.382587600999955,74256.40134686336
297,2.866544246673584,0.6589268445968628,,,0.00027330686088382274,1220608,16.408656527999995,74388.05230136513
298,2.908461332321167,0.5868616700172424,,,0.000273088017595981,1224704,16.435665987999982,74515.02122847845
299,2.915252208709717,0.46756798028945923,,,0.00027286838014420697,1228800,16.462340307999966,74643.09308457545
300,2.9002623558044434,0.6513152718544006,,,0.000272647950142261,1232896,16.490967695999984,74761.89528277644
301,2.895695209503174,0.6021066308021545,,,0.0002724267292097264,1236992,16.520970321999982,74874.05254597984
302,2.8893840312957764,0.8084709644317627,,,0.00027220471897199783,1241088,16.54808253699997,74998.9007623719
303,2.866529703140259,0.6091238856315613,,,0.00027198192106026937,1245184,16.57461979699997,75125.94649232196
304,2.851962089538574,0.5917778015136719,,,0.0002717583371115223,1249280,16.600794452999992,75254.22976213273
305,2.86141300201416,0.551819384098053,,,0.0002715339687685131,1253376,16.626611915999945,75383.72858717322
306,2.8531949520111084,0.6067865490913391,,,0.00027130881767976184,1257472,16.65260152799999,75512.04524324102
307,2.7935774326324463,0.4929486811161041,,,0.00027108288549953943,1261568,16.678796104999947,75639.03246121037
308,2.8756656646728516,0.8076696395874023,,,0.00027085617388785587,1265664,16.705377714999997,75763.86607909753
309,2.8564348220825195,0.5551855564117432,,,0.00027062868451044797,1269760,16.731581006,75890.01897338094
310,2.7995123863220215,0.7801293730735779,,,0.00027040041903876697,1273856,16.758004591999963,76014.77807257083
311,2.858553409576416,0.7486870884895325,,,0.0002701713791499665,1277952,16.78413695499995,76140.46545415619
312,2.792989730834961,1.1285520792007446,,,0.00026994156652689007,1282048,16.809920063999982,76267.34660955502
313,2.8638782501220703,0.8156380653381348,,,0.0002697109828580587,1286144,16.83639969799998,76390.6787121942
314,2.848160743713379,1.3121651411056519,,,0.0002694796298376587,1290240,16.86302346299999,76512.96950579359
315,2.8144350051879883,1.1120022535324097,,,0.000269247509165529,1294336,16.88929350699999,76636.47975941357
316,2.7942113876342773,0.953963041305542,,,0.00026901462254714885,1298432,16.916085501999987,76757.2379464792
317,2.803910732269287,0.9924702644348145,,,0.00026878097169362507,1302528,16.94274268099997,76878.2259474842
318,2.7662711143493652,0.7889235615730286,,,0.00026854655832167973,1306624,16.96908464699999,77000.26413805423
319,2.808204412460327,0.9680878520011902,,,0.0002683113841536374,1310720,16.99617826399998,77118.51332933287
320,2.771761178970337,0.5218996405601501,,,0.0002680754509174124,1314816,17.022876589999953,77238.1796371822
321,2.8539719581604004,1.1275347471237183,,,0.00026783876034649644,1318912,17.04879404899998,77361.0142869526
322,2.7977747917175293,0.5434777736663818,,,0.00026760131417994537,1323008,17.07511920999997,77481.62596868936
323,2.7751927375793457,1.3415790796279907,,,0.0002673631141623668,1327104,17.101336034999974,77602.35792594915
324,2.762918472290039,0.7484733462333679,,,0.00026712416204390736,1331200,17.127582587999996,77722.58537714898
325,2.7569210529327393,0.8894692063331604,,,0.0002668844595802394,1335296,17.153991099999985,77841.70996800862
326,2.7836241722106934,1.114583134651184,,,0.00026664400853254844,1339392,17.180223178999995,77961.2689570405
327,2.7990880012512207,0.719846248626709,,,0.00026640281066752015,1343488,17.206186524999964,78081.68289050923
328,2.804445266723633,1.6898703575134277,,,0.0002661608677573273,1347584,17.232755641999972,78198.9850024708
329,2.783332586288452,0.9377990961074829,,,0.0002659181815796168,1351680,17.259201331999975,78316.48602962145
330,2.765702247619629,1.7483254671096802,,,0.00026567475391749677,1355776,17.28537209899997,78434.87500500132
331,2.7852535247802734,1.4903947114944458,,,0.0002654305865595231,1359872,17.311953032999952,78551.04489989196
332,2.7740705013275146,1.3741989135742188,,,0.00026518568129968656,1363968,17.340743663999945,78656.83424129325
333,2.768590211868286,1.5354331731796265,,,0.00026494003993739965,1368064,17.367331940999975,78772.26073916047
334,2.7503716945648193,1.5796610116958618,,,0.0002646936642774832,1372160,17.394119865999983,78886.42889498192
335,2.808966636657715,1.0688977241516113,,,0.00026444655613015326,1376256,17.420443542999976,79002.35126636706
336,2.750096321105957,1.1303120851516724,,,0.0002641987173110078,1380352,17.446494048999966,79119.16263079354
337,2.784191370010376,2.1190505027770996,,,0.0002639501496410131,1384448,17.472582708999994,79235.4526550263
338,2.770939350128174,0.9842121601104736,,,0.0002637008549464909,1388544,17.499077754999973,79349.55312735005
339,2.743255615234375,2.414886713027954,,,0.00026345083505910436,1392640,17.525207506999948,79464.96493372471
340,2.7564382553100586,2.22660756111145,,,0.0002632000918158452,1396736,17.551172324999982,79580.78093794806
341,2.7405409812927246,1.205433964729309,,,0.00026294862705901955,1400832,17.580857092999963,79679.3917719608
342,2.714259386062622,1.661446452140808,,,0.0002626964426362352,1404928,17.607615107999948,79790.93087749725
343,2.7246532440185547,2.4089126586914062,,,0.0002624435404003872,1409024,17.63421188799998,79902.86205865745
344,2.7837865352630615,1.519517421722412,,,0.000262189922209645,1413120,17.660690588999955,80014.99108308757
345,2.725785970687866,1.4666407108306885,,,0.00026193558992743815,1417216,17.68653615599999,80129.65271999984
346,2.738564968109131,1.5249496698379517,,,0.0002616805454224431,1421312,17.71298087499997,80241.26543297035
347,2.745011568069458,1.2150163650512695,,,0.0002614247905685691,1425408,17.739522947999944,80352.10440429057
348,2.7067136764526367,1.110592246055603,,,0.0002611683272449449,1429504,17.76570580599997,80464.2391138334
349,2.752098798751831,1.1575391292572021,,,0.00026091115733590424,1433600,17.791817678999962,80576.36526323596
350,2.7188451290130615,1.3759297132492065,,,0.00026065328273097276,1437696,17.818408018999946,80685.99610397127
351,2.7427220344543457,0.5662988424301147,,,0.0002603947053248536,1441792,17.844753354999966,80796.40952818329
352,2.7087998390197754,1.159911870956421,,,0.0002601354270174137,1445888,17.871190465999973,80906.08192838686
353,2.747152805328369,0.6167045831680298,,,0.00025987544971366975,1449984,17.898430067999982,81011.79793374051
354,2.672018527984619,1.5569798946380615,,,0.00025961477532377423,1454080,17.92529381199995,81118.89351719174
355,2.7520930767059326,1.1866185665130615,,,0.00025935340576300147,1458176,17.951794332999953,81227.31204197803
356,2.7463512420654297,1.7385588884353638,,,0.00025909134295173345,1462272,17.978831440999954,81332.98344770903
357,2.677703857421875,1.6792320013046265,,,0.0002588285888154455,1466368,18.005524093999952,81439.89546456153
358,2.7152225971221924,0.5782166719436646,,,0.0002585651452846928,1470464,18.032461284999954,81545.3851118585
359,2.688675880432129,1.6988272666931152,,,0.0002583010142950955,1474560,18.059247175999985,81651.24413157327
360,2.7297840118408203,0.9275954961776733,,,0.0002580361977873248,1478656,18.085552113999995,81758.96376729218
361,2.678910970687866,0.8627369999885559,,,0.0002577706977070886,1482752,18.111870762999956,81866.30853335465
362,2.6446316242218018,0.8825634717941284,,,0.00025750451600511747,1486848,18.13877574999998,81970.69198564858
363,2.670696496963501,0.4789867699146271,,,0.00025723765463714994,1490944,18.16521781399996,82076.85783161529
364,2.6916983127593994,0.7741733193397522,,,0.0002569701155639184,1495040,18.191867568999953,82181.77679281477
365,2.7198591232299805,1.494296908378601,,,0.00025670190075113456,1499136,18.218291110999985,82287.41054065383
366,2.6944801807403564,0.6208599805831909,,,0.00025643301216947504,1503232,18.244362423999974,82394.32900228612
367,2.6638343334198,1.1561052799224854,,,0.0002561634517945669,1507328,18.270455267999978,82500.84510154648
368,2.7062807083129883,0.6094390153884888,,,0.00025589322160697315,1511424,18.29737410399997,82603.32829231431
369,2.73093581199646,1.347325086593628,,,0.0002556223235921781,1515520,18.323760074999996,82707.91550407268
370,2.6490674018859863,1.0638725757598877,,,0.00025535075974057297,1519616,18.34960255499999,82814.65472863485
371,2.6491799354553223,0.7878678441047668,,,0.000255078532047441,1523712,18.37644234299995,82916.59351465384
372,2.6984729766845703,1.8611446619033813,,,0.00025480564251294306,1527808,18.403131864999978,83018.9128245972
373,2.671093463897705,1.324975848197937,,,0.0002545320931421026,1531904,18.42965703499999,83121.67703884788
374,2.672097682952881,1.5521037578582764,,,0.00025425788594479146,1536000,18.456673582999997,83221.93016485771
375,2.672928810119629,1.6228893995285034,,,0.00025398302293571447,1540096,18.48300348799995,83324.98562800704
376,2.632603406906128,0.6274177432060242,,,0.00025370750613439523,1544192,18.509081012999957,83428.88547061996
377,2.6812193393707275,1.1489017009735107,,,0.0002534313375651607,1548288,18.535893643999998,83529.18018070175
378,2.6882944107055664,0.6186692714691162,,,0.00025315451925712694,1552384,18.562709646999963,83629.1699606954
379,2.7364470958709717,1.4517074823379517,,,0.0002528770532441837,1556480,18.588945982999974,83731.48221655157
380,2.654226064682007,0.7016037702560425,,,0.00025259894156497967,1560576,18.61580539299996,83830.70015261431
381,2.6743128299713135,1.1353721618652344,,,0.0002523201862629076,1564672,18.642406577999964,83930.79474226684
382,2.621225118637085,0.8021191358566284,,,0.0002520407893860891,1568768,18.668750797999962,84031.76072006204
383,2.6337077617645264,1.2671953439712524,,,0.00025176075298735965,1572864,18.696004449999975,84128.34968061863
384,2.6733436584472656,0.9884383678436279,,,0.00025148007912425364,1576960,18.72283477999997,84226.56176427587
385,2.671262741088867,1.7222822904586792,,,0.00025119876985898906,1581056,18.74915363599996,84326.79312863696
386,2.662282943725586,1.5533764362335205,,,0.00025091682725845256,1585152,18.776162469999974,84423.64101464883
387,2.6272826194763184,1.0389831066131592,,,0.00025063425339418396,1589248,18.80254072599996,84523.04521816055
388,2.6746859550476074,1.1342507600784302,,,0.0002503510503423614,1593344,18.828516131999947,84623.98145608709
389,2.5748140811920166,1.286484718322754,,,0.00025006722018378584,1597440,18.855332893999957,84720.8590259538
390,2.6531550884246826,0.9413949847221375,,,0.00024978276500386574,1601536,18.88161940799995,84819.84332982825
391,2.6700775623321533,1.9769036769866943,,,0.000249497686892602,1605632,18.907352438999965,84921.0382670015
392,2.6821200847625732,1.885653018951416,,,0.00024921198794457223,1609728,18.933674937999967,85019.31110950198
393,2.6424803733825684,0.9219493865966797,,,0.0002489256702589158,1613824,18.96031048699996,85115.90572878595
394,2.623358964920044,1.7706632614135742,,,0.000248638735939318,1617920,18.986239511999997,85215.4002891102
395,2.6819300651550293,0.6748712658882141,,,0.00024835118709399476,1622016,19.01268761199998,85312.29424798703
396,2.649462938308716,1.0472549200057983,,,0.0002480630258356774,1626112,19.039123674999985,85408.97300516124
397,2.6631903648376465,1.2302190065383911,,,0.00024777425428159657,1630208,19.065182850999975,85507.07395468254
398,2.6198840141296387,0.9485679864883423,,,0.00024748487455346715,1634304,19.09142210699997,85604.09962339966
399,2.6251394748687744,0.9121939539909363,,,0.00024719488877747247,1638400,19.118082974999993,85698.9689888089
400,2.6029272079467773,1.2833856344223022,,,0.0002469042990842488,1642496,19.144475691999958,85794.77581025433
401,2.622760772705078,0.9545795321464539,,,0.0002466131076088695,1646592,19.170380226999953,85892.5060693844
402,2.6229357719421387,1.5051525831222534,,,0.0002463213164908295,1650688,19.19712903499999,85986.19079918067
403,2.680972099304199,1.030758261680603,,,0.0002460289278740297,1654784,19.22378791999995,86080.01747035526
404,2.605956554412842,1.2412047386169434,,,0.0002457359439067607,1658880,19.249846969999965,86176.2694833518
405,2.5977163314819336,0.957723081111908,,,0.00024544236674168765,1662976,19.276783427999987,86268.3344558661
406,2.636739492416382,1.0214067697525024,,,0.0002451481985358341,1667072,19.30337069799998,86361.70470335137
407,2.6534948348999023,0.9253621101379395,,,0.00024485344145056616,1671168,19.32956918399998,86456.5570030038
408,2.645209312438965,0.8833376169204712,,,0.0002445580976515766,1675264,19.35660397199996,86547.41309081548
409,2.6382694244384766,0.8674403429031372,,,0.0002442621693088691,1679360,19.38319443399996,86640.00176638807
410,2.590691089630127,1.3070504665374756,,,0.0002439656585967422,1683456,19.409173924999948,86735.06695880693
411,2.604487419128418,1.0631895065307617,,,0.00024366856769377334,1687552,19.436131794999994,86825.5071430483
412,2.6386969089508057,1.7522746324539185,,,0.00024337089878280274,1691648,19.462629418999995,86917.75214856442
413,2.6238646507263184,2.56219482421875,,,0.00024307265405091756,1695744,19.48890549799995,87010.73542452272
414,2.594372510910034,1.2788549661636353,,,0.0002427738356894357,1699840,19.51591448399995,87100.19719514591
415,2.6208879947662354,1.6495929956436157,,,0.0002424744458938898,1703936,19.54251244699998,87191.24547681051
416,2.666123867034912,2.1719582080841064,,,0.00024217448686401097,1708032,19.568913862999977,87282.92290301662
417,2.6517016887664795,0.8044196367263794,,,0.0002418739608037127,1712128,19.595952843999953,87371.51051699092
418,2.543332099914551,2.290179967880249,,,0.0002415728699210747,1716224,19.62272177699998,87461.05762002934
419,2.599271297454834,2.8696773052215576,,,0.00024127121642832664,1720320,19.649290329999985,87551.25356224513
420,2.573209524154663,1.0547527074813843,,,0.00024096900254183187,1724416,19.676663116999976,87637.6238057439
421,2.5856947898864746,2.4608216285705566,,,0.00024066623048207126,1728512,19.703405963999955,87726.5587055436
422,2.6759486198425293,2.5140132904052734,,,0.00024036290247362669,1732608,19.73167704299999,87808.4511632862
423,2.597520112991333,0.7842286825180054,,,0.00024005902074516488,1736704,19.758615780999946,87896.03579771156
424,2.6632027626037598,2.074615001678467,,,0.00023975458752942085,1740800,19.785344785999996,87984.31459388975
425,2.581554889678955,1.6341829299926758,,,0.0002394496050631817,1744896,19.811960467999995,88072.8589590279
426,2.6213607788085938,0.8897810578346252,,,0.00023914407558727003,1748992,19.838904217999982,88159.7078538807
427,2.5862905979156494,1.02396821975708,,,0.00023883800134652763,1753088,19.865141532999985,88249.45934000869
428,2.615325927734375,0.6755249500274658,,,0.00023853138458979862,1757184,19.891214064999986,88339.70587506225
429,2.6026864051818848,0.698935866355896,,,0.0002382242275699136,1761280,19.917544936999946,88428.56916206313
430,2.582658529281616,1.051498293876648,,,0.0002379165325436723,1765376,19.943425699999977,88519.19557631476
431,2.5647470951080322,1.2608712911605835,,,0.0002376083017718276,1769472,19.969392981,88609.2031782626
432,2.6580448150634766,0.9321666359901428,,,0.00023729953751906868,1773568,19.99617869499997,88695.34659857184
433,2.6112565994262695,0.6667822003364563,,,0.00023699024205400438,1777664,20.022382317999984,88783.84059233013
434,2.5899829864501953,1.4957859516143799,,,0.00023668041764914654,1781760,20.04814563599996,88874.05510465456
435,2.577853202819824,0.5199410319328308,,,0.0002363700665808934,1785856,20.074662694999972,88960.69772792775
436,2.589357852935791,1.321799635887146,,,0.00023605919112951269,1789952,20.100900523999996,89048.34874750212
437,2.5465593338012695,0.6422557830810547,,,0.00023574779357912512,1794048,20.12688455199998,89136.89524898319
438,2.5640358924865723,1.6699378490447998,,,0.00023543587621768729,1798144,20.154058372999998,89219.94601389757
439,2.6081454753875732,0.9241836071014404,,,0.0002351234413369752,1802240,20.18059409999995,89305.59680599316
440,2.5547285079956055,2.0766828060150146,,,0.00023481049123256714,1806336,20.206512006999958,89393.7558037848
441,2.5836329460144043,1.5238603353500366,,,0.00023449702820382712,1810432,20.233218809999983,89478.20003336393
442,2.5763776302337646,2.372647285461426,,,0.0002341830545538876,1814528,20.25984694899995,89562.76938161012
443,2.639653205871582,2.117340087890625,,,0.00023386857258963286,1818624,20.28585192899999,89649.87057803349
444,2.5729241371154785,1.8931323289871216,,,0.000233553584621682,1822720,20.312324313999966,89734.68382166966
445,2.6019973754882812,2.4015872478485107,,,0.0002332380929643719,1826816,20.33880775399996,89819.22746384812
446,2.6137609481811523,1.043705701828003,,,0.0002329220999357401,1830912,20.364859208999974,89905.45828035253
447,2.567239284515381,2.491044521331787,,,0.00023260560785750813,1835008,20.391057654999997,89990.82004704382
448,2.5245635509490967,2.3616719245910645,,,0.0002322886190550641,1839104,20.417460872999982,90075.059354321
449,2.543187379837036,1.4632651805877686,,,0.00023197113585744574,1843200,20.443539916999953,90160.51072775687
450,2.5689995288848877,2.2845077514648438,,,0.00023165316059732338,1847296,20.469392899999946,90246.74102571968
451,2.562498092651367,1.5139553546905518,,,0.00023133469561098256,1851392,20.49588958199996,90329.91676662535
452,2.563774347305298,1.2616809606552124,,,0.0002310157432383072,1855488,20.522107077999976,90414.10772040619
453,2.5810186862945557,1.7516714334487915,,,0.0002306963058227621,1859584,20.548161378999964,90498.8025790219
454,2.5593719482421875,2.0802671909332275,,,0.00023037638571137594,1863680,20.575024961999986,90579.71999752276
455,2.6021971702575684,0.7227463722229004,,,0.00023005598525472392,1867776,20.601321223999946,90662.92300826292
456,2.5594773292541504,1.8111790418624878,,,0.00022973510680691052,1871872,20.627344521999987,90747.11473420946
457,2.5783753395080566,0.9324999451637268,,,0.0002294137527255522,1875968,20.654050109999957,90828.0937641244
458,2.5939064025878906,1.0913317203521729,,,0.0002290919253717601,1880064,20.680465999999967,90910.13713133945
459,2.599463939666748,1.873349666595459,,,0.0002287696271101226,1884160,20.70634791699996,90994.31766299553
460,2.577853202819824,0.8525878190994263,,,0.00022844686030868818,1888256,20.732826837999994,91075.66540512099
461,2.587712049484253,1.6879847049713135,,,0.00022812362733894766,1892352,20.759177789999967,91157.3675577641
462,2.5686707496643066,1.8494927883148193,,,0.00022779993057581713,1896448,20.78514285999995,91240.55642887241
463,2.5568830966949463,1.2533001899719238,,,0.00022747577239762027,1900544,20.811216917999957,91323.05945819963
464,2.5371768474578857,2.1996514797210693,,,0.00022715115518607103,1904640,20.837609074,91403.96065767943
465,2.5891408920288086,1.7013607025146484,,,0.0002268260813262559,1908736,20.86353537599996,91486.69990972309
466,2.541013479232788,0.9200387597084045,,,0.00022650055320661675,1912832,20.88959871999998,91568.63306180359
467,2.5794787406921387,1.483094573020935,,,0.00022617457321893284,1916928,20.91613569399999,91648.28666462949
468,2.600334644317627,1.0400971174240112,,,0.00022584814375830372,1921024,20.942264903999956,91729.52442374492
469,2.5219554901123047,1.00096595287323,,,0.0002255212672231311,1925120,20.968165789999944,91811.55945066595
470,2.5588037967681885,1.4127905368804932,,,0.0002251939460151019,1929216,20.99488719699997,91889.80068803001
471,2.495274543762207,0.6837515234947205,,,0.0002248661825391698,1933312,21.021134305999965,91969.91807659893
472,2.527381420135498,1.5326945781707764,,,0.00022453797920353834,1937408,21.047244573,92050.43412121327
473,2.5276122093200684,0.8335920572280884,,,0.00022420933841964266,1941504,21.074020211999994,92127.84179140469
474,2.5666065216064453,1.4209611415863037,,,0.00022388026260213207,1945600,21.100565401999972,92206.06002413521
475,2.5627353191375732,1.2886085510253906,,,0.00022355075416885227,1949696,21.12667738199997,92285.97401980258
476,2.4969663619995117,1.2086491584777832,,,0.00022322081554082746,1953792,21.153126957999973,92364.21659451578
477,2.5792088508605957,1.7985401153564453,,,0.00022289044914224277,1957888,21.182577484999968,92429.16738467925
478,2.538722038269043,1.032315969467163,,,0.00022255965740042627,1961984,21.20911302899998,92506.65019877582
479,2.531109094619751,1.520735740661621,,,0.00022222844274583117,1966080,21.235438913999985,92584.85345945986
480,2.5512471199035645,1.7482945919036865,,,0.00022189680761201794,1970176,21.261417648999952,92664.37603198434
481,2.556098699569702,0.9791251420974731,,,0.00022156475443563654,1974272,21.287330700999973,92743.9906736291
482,2.53263521194458,2.5240976810455322,,,0.0002212322856564085,1978368,21.314068489999954,92819.81996671365
483,2.5096209049224854,1.1750223636627197,,,0.0002208994037171088,1982464,21.340834605999987,92895.33594167068
484,2.497467279434204,2.2660160064697266,,,0.00022056611106354817,1986560,21.36668730699995,92974.63717500008
485,2.539517641067505,2.1186704635620117,,,0.00022023241014455496,1990656,21.393005013999982,93051.72408912527
486,2.5090768337249756,1.6762874126434326,,,0.0002198983034119573,1994752,21.41913995799996,93129.4162095882
487,2.5332112312316895,2.010319232940674,,,0.00021956379332056477,1998848,21.44496252299996,93208.27666899457
488,2.4759278297424316,1.331350564956665,,,0.00021922888232815086,2002944,21.47102898899999,93285.88774325374
489,2.5564212799072266,1.9780950546264648,,,0.0002188935728954344,2007040,21.49742235599996,93361.89087059698
490,2.493779182434082,1.4348416328430176,,,0.00021855786748606194,2011136,21.523277192999956,93440.04548963782
491,2.536623477935791,2.02307391166687,,,0.00021822176856658914,2015232,21.548907600999996,93518.9865451222
492,2.556157350540161,2.168065309524536,,,0.00021788527860646314,2019328,21.575117008999996,93595.22820467871
493,2.56744122505188,1.4195741415023804,,,0.00021754840007800417,2023424,21.601556783999968,93670.28590729756
494,2.5067310333251953,2.5517969131469727,,,0.00021721113545638743,2027520,21.62759535699996,93746.89911348722
495,2.5248615741729736,1.8563302755355835,,,0.00021687348721962475,2031616,21.65431816199998,93820.36343980461
496,2.5406007766723633,1.3191251754760742,,,0.00021653545784854669,2035712,21.680616941999972,93895.48302273596
497,2.5066146850585938,1.2331585884094238,,,0.0002161970498267841,2039808,21.70635028199996,93972.86846934905
498,2.5537328720092773,1.3087114095687866,,,0.00021585826564074996,2043904,21.732931012999984,94046.40353284139
499,2.515927791595459,1.645551323890686,,,0.00021551910777962096,2048000,21.759413249999966,94120.18497327832
500,2.4882264137268066,1.4353803396224976,2.451372436245162,11.60426190507318,0.00021517957873531943,2052096,21.785252844999945,94196.56565845129
501,2.5541868209838867,1.6664905548095703,,,0.00021483968100249485,2056192,26.088664423999944,78815.5333129446
502,2.540513515472412,1.0294890403747559,,,0.0002144994170785057,2060288,26.114620592999984,78894.0430002747
503,2.4662070274353027,0.8780617117881775,,,0.00021415878946340084,2064384,26.140488182999945,78972.66437979302
504,2.5184097290039062,0.8648805022239685,,,0.0002138178006599015,2068480,26.166583108999987,79050.4435135265
505,2.4883246421813965,1.2672781944274902,,,0.0002134764531733826,2072576,26.19326153199995,79126.30496465521
506,2.5274343490600586,1.2836904525756836,,,0.00021313474951185432,2076672,26.21945389199999,79203.48030717866
507,2.477905511856079,1.3847644329071045,,,0.0002127926921859441,2080768,26.245260676999976,79281.66633999106
508,2.5293021202087402,0.9817980527877808,,,0.00021245028370887759,2084864,26.27167614399997,79357.86009893204
509,2.510096549987793,1.6540729999542236,,,0.00021210752659646064,2088960,26.29788214599995,79434.53348838368
510,2.473952293395996,0.7844817042350769,,,0.0002117644233670606,2093056,26.323902730999976,79511.61426892609
511,2.5328564643859863,1.9711235761642456,,,0.00021142097654158791,2097152,26.350035832999993,79588.20296455118
512,2.4672999382019043,1.6868294477462769,,,0.0002110771886434775,2101248,26.376431742999955,79663.84613633914
513,2.482375144958496,0.667057454586029,,,0.00021073306219867034,2105344,26.403139132999968,79738.39736990347
514,2.488770008087158,1.9158660173416138,,,0.00021038859973559476,2109440,26.429622845999972,79813.47340033103
515,2.455996513366699,1.6618081331253052,,,0.00021004380378514804,2113536,26.456129276999945,79888.33052148094
516,2.4596052169799805,1.152947187423706,,,0.00020969867688067764,2117632,26.482236296999986,79964.24381425424
517,2.5262293815612793,1.897896409034729,,,0.00020935322155796266,2121728,26.508011587,80041.00922607613
518,2.465318202972412,1.549191951751709,,,0.0002090074403551953,2125824,26.534201618999987,80116.3732199046
519,2.4331016540527344,0.7209710478782654,,,0.00020866133581296203,2129920,26.560226960999955,80192.08582545228
520,2.447373628616333,1.3890053033828735,,,0.00020831491047422515,2134016,26.585832030999995,80268.91908109793
521,2.455547332763672,0.8785478472709656,,,0.00020796816688430376,2138112,26.612445845999957,80342.55898058966
522,2.4620418548583984,1.144917368888855,,,0.0002076211075908555,2142208,26.638704536999967,80417.1237765924
523,2.474452257156372,0.7832871675491333,,,0.00020727373514385744,2146304,26.664487291,80492.97841644369
524,2.4889583587646484,1.146551489830017,,,0.0002069260520955876,2150400,26.690927629999976,80566.70153280851
525,2.456223487854004,1.3719537258148193,,,0.00020657806100060608,2154496,26.717246767999995,80640.64455101344
526,2.4726176261901855,0.9013574719429016,,,0.00020622976441573627,2158592,26.744173255999954,80712.60903590385
527,2.4644641876220703,0.837407112121582,,,0.00020588116490004624,2162688,26.771035524999945,80784.62254403229
528,2.463494062423706,0.7970287799835205,,,0.00020553226501482963,2166784,26.797528074999946,80857.607236596
529,2.424095392227173,0.980117678642273,,,0.0002051830673235872,2170880,26.823463521999997,80932.12862759104
530,2.499661445617676,0.9324860572814941,,,0.0002048335743920076,2174976,26.849560649999944,81006.01824931554
531,2.471242666244507,0.7456463575363159,,,0.0002044837887879489,2179072,26.87601370699997,81078.69060330371
532,2.451862335205078,1.3766319751739502,,,0.00020413371308141947,2183168,26.90197970899999,81152.68926731168
533,2.452322483062744,1.2274928092956543,,,0.0002037833498445592,2187264,26.927942244999997,81226.55567586614
534,2.4815526008605957,1.9573255777359009,,,0.00020343270165162046,2191360,26.954411881,81298.75026302008
535,2.4699742794036865,1.6605675220489502,,,0.00020308177107894955,2195456,26.98070205399995,81371.34443744094
536,2.4136250019073486,0.8474923968315125,,,0.00020273056070496724,2199552,27.006896241999982,81444.08673586673
537,2.5073490142822266,1.781280517578125,,,0.00020237907311015032,2203648,27.033686241999987,81514.891468126
538,2.4469332695007324,1.4014735221862793,,,0.00020202731087701225,2207744,27.059975374999965,81587.06611535499
539,2.438668966293335,1.275716781616211,,,0.00020167527659008459,2211840,27.08596996,81659.98866817026
540,2.402952194213867,1.5187273025512695,,,0.00020132297283589749,2215936,27.11292655699998,81729.87137118522
541,2.465118408203125,1.2102127075195312,,,0.00020097040220296128,2220032,27.139337780999995,81801.25904008698
542,2.4446537494659424,1.144639253616333,,,0.0002006175672817469,2224128,27.165743901999974,81872.5232787112
543,2.4489879608154297,0.9180935621261597,,,0.00020026447066466736,2228224,27.192661604999955,81942.10748352391
544,2.4878299236297607,0.9435256719589233,,,0.00019991111494605814,2232320,27.22123566399995,82006.56382958546
545,2.4161267280578613,1.3170934915542603,,,0.00019955750272215874,2236416,27.248002911999947,82076.32710634689
546,2.446131706237793,1.3294901847839355,,,0.0001992036365910931,2240512,27.274921706999976,82145.4970272191
547,2.428428888320923,1.0076404809951782,,,0.00019884951915285088,2244608,27.30167005499999,82215.0438225271
548,2.4574146270751953,2.0939176082611084,,,0.000198495153009268,2248704,27.32796272799999,82285.82651336821
549,2.4694323539733887,0.9881295561790466,,,0.00019814054076400787,2252800,27.354394991999982,82356.05286312675
550,2.4446895122528076,2.271199941635132,,,0.00019778568502254202,2256896,27.380587668999965,82426.86487533778
551,2.5018246173858643,1.3566412925720215,,,0.00019743058839213106,2260992,27.40650188799998,82498.37973630565
552,2.4422929286956787,0.8745572566986084,,,0.0001970752534818055,2265088,27.433111830999962,82567.6654531188
553,2.434359073638916,3.170769214630127,,,0.0001967196829023466,2269184,27.45959270999998,82637.20529160032
554,2.4317877292633057,2.2799975872039795,,,0.00019636387926626718,2273280,27.485904520999952,82707.11987168384
555,2.391446352005005,1.7711155414581299,,,0.0001960078451877924,2277376,27.51572601299995,82766.34237904687
556,2.4095330238342285,1.9917643070220947,,,0.00019565158328284049,2281472,27.545135578999975,82826.67527472119
557,2.443521499633789,1.598803162574768,,,0.00019529509616900376,2285568,27.57115037999995,82897.0851233667
558,2.445432186126709,2.0271458625793457,,,0.00019493838646552912,2289664,27.597378737999975,82966.72019967124
559,2.4521853923797607,2.418433427810669,,,0.00019458145679329895,2293760,27.623758235999958,83035.76871776686
560,2.4290170669555664,2.286451578140259,,,0.00019422430977481182,2297856,27.650371451999945,83103.98303288604
561,2.406681776046753,1.3204164505004883,,,0.0001938669480341632,2301952,27.677217291999966,83171.36711086103
562,2.419825553894043,1.78109610080719,,,0.0001935093741970263,2306048,27.703154145999974,83241.35179145179
563,2.4279794692993164,1.8036662340164185,,,0.00019315159089063253,2310144,27.729442851999977,83310.14843427991
564,2.444589138031006,1.3891055583953857,,,0.00019279360074375256,2314240,27.755766896999944,83378.70859731644
565,2.429832696914673,1.42164945602417,,,0.00019243540638667659,2318336,27.782133775999966,83447.01017899248
566,2.427401304244995,1.5422602891921997,,,0.00019207701045119533,2322432,27.80850622099996,83515.16552320904
567,2.4804627895355225,1.0622284412384033,,,0.0001917184155705805,2326528,27.835008893999998,83582.80066874693
568,2.425097942352295,2.203596830368042,,,0.00019135962437956573,2330624,27.861060372999987,83651.6618103522
569,2.385432243347168,1.9880398511886597,,,0.0001910006395143268,2334720,27.886892410999963,83721.0530879759
570,2.3759469985961914,1.061560869216919,,,0.00019064146361246254,2338816,27.91430147999995,83785.58215672048
571,2.4394543170928955,2.241175651550293,,,0.0001902820993129755,2342912,27.94081044699999,83852.68582112867
572,2.39440655708313,1.6494945287704468,,,0.00018992254925625233,2347008,27.967078630999993,83920.38478407497
573,2.371530294418335,1.4139974117279053,,,0.0001895628160840446,2351104,27.994319846999986,83985.0374236528
574,2.4345974922180176,1.740304946899414,,,0.00018920290243944928,2355200,28.023552564,84043.5913548509
575,2.3863818645477295,2.0269854068756104,,,0.0001888428109668893,2359296,28.050296731999993,84109.4845641507
576,2.421876907348633,1.1014615297317505,,,0.00018848254431209422,2363392,28.076268746999972,84177.56722935397
577,2.3874714374542236,1.927727222442627,,,0.00018812210512208068,2367488,28.102129638999997,84245.85717925135
578,2.3882899284362793,1.5019527673721313,,,0.00018776149604513302,2371584,28.128119543999958,84313.63484111348
579,2.4495651721954346,2.48748517036438,,,0.0001874007197307838,2375680,28.154494297999975,84380.13394432598
580,2.381899356842041,2.5867767333984375,,,0.00018703977882979434,2379776,28.180627120999986,84447.23354742554
581,2.4306983947753906,0.6945881843566895,,,0.00018667867599413528,2383872,28.206699295999954,84514.3905348068
582,2.434201717376709,2.3289618492126465,,,0.00018631741387696696,2387968,28.23580637799995,84572.3323085469
583,2.4352598190307617,2.0715153217315674,,,0.00018595599513262012,2392064,28.262463223999987,84637.49182232287
584,2.426527976989746,1.2716070413589478,,,0.00018559442241657624,2396160,28.28906194199999,84702.70258210604
585,2.3477892875671387,1.6585596799850464,,,0.00018523269838544818,2400256,28.315955005999967,84766.9096624642
586,2.3634324073791504,1.051641821861267,,,0.00018487082569696041,2404352,28.34201531499997,84833.48743120255
587,2.393476963043213,1.5660470724105835,,,0.00018450880700992972,2408448,28.368169506999948,84899.66190471707
588,2.427032470703125,1.1065454483032227,,,0.00018414664498424575,2412544,28.394633962,84964.78606586941
589,2.3631539344787598,1.6840218305587769,,,0.00018378434228085103,2416640,28.420869464999953,85030.4739260729
590,2.362424373626709,1.6523118019104004,,,0.00018342190156172192,2420736,28.446917505999977,85096.6013976531
591,2.405846357345581,1.174855351448059,,,0.00018305932548984868,2424832,28.47406642699997,85159.31527436142
592,2.3589839935302734,1.1234155893325806,,,0.0001826966167292163,2428928,28.500453791999973,85224.18687529094
593,2.347928524017334,1.138049840927124,,,0.00018233377794478437,2433024,28.52662924399999,85289.57204124417
594,2.3967742919921875,1.0515657663345337,,,0.000181970811802468,2437120,28.553177972999947,85353.7214773275
595,2.3713788986206055,1.4486366510391235,,,0.00018160772096911804,2441216,28.579609688999994,85418.101456424
596,2.318904161453247,1.7793729305267334,,,0.00018124450811250148,2445312,28.608408543999985,85475.28941496654
597,2.3917441368103027,1.266711711883545,,,0.0001808811759012818,2449408,28.639557672999956,85525.34323214035
598,2.383484363555908,1.9128373861312866,,,0.00018051772700499954,2453504,28.667200021999975,85585.7564783835
599,2.3843746185302734,1.165583848953247,,,0.00018015416409405244,2457600,28.693968222999956,85648.66249590687
600,2.4341204166412354,2.349299669265747,,,0.00017979048983967605,2461696,28.72018586599995,85713.09431929023
601,2.368816375732422,1.9087938070297241,,,0.0001794267069139239,2465792,28.74599729399995,85778.62075130286
602,2.3418660163879395,0.9354931116104126,,,0.00017906281798964814,2469888,28.77266186999998,85841.48422413591
603,2.3544788360595703,2.4995429515838623,,,0.00017869882574047955,2473984,28.798901455999953,85905.49899203086
604,2.4126529693603516,3.2998902797698975,,,0.00017833473284080818,2478080,28.82463913099997,85970.89416238017
605,2.3713278770446777,1.7764463424682617,,,0.00017797054196576353,2482176,28.851399626999978,86033.12255524365
606,2.3713011741638184,2.097022533416748,,,0.00017760625579119505,2486272,28.87766385399999,86096.71518340685
607,2.3713479042053223,2.486994743347168,,,0.00017724187699365236,2490368,28.903523951999944,86161.39693332037
608,2.3346431255340576,1.4194988012313843,,,0.00017687740825036554,2494464,28.929948267999976,86224.28138798918
609,2.3802881240844727,1.5090833902359009,,,0.00017651285223922565,2498560,28.956178566999995,86287.62922630586
610,2.3345751762390137,1.8887512683868408,,,0.00017614821163876486,2502656,28.98238470199999,86350.93439454964
611,2.3744077682495117,1.248799443244934,,,0.00017578348912813686,2506752,29.00882064999996,86413.44059604172
612,2.4456753730773926,1.5394983291625977,,,0.00017541868738709724,2510848,29.035929730999953,86473.82822804242
613,2.3851265907287598,1.8286335468292236,,,0.00017505380909598362,2514944,29.062538448999987,86535.59304233924
614,2.378160238265991,1.0522600412368774,,,0.00017468885693569614,2519040,29.08878110699999,86598.3346202778
615,2.3191299438476562,1.6907060146331787,,,0.00017432383358767766,2523136,29.115245330999983,86660.30360779863
616,2.3878865242004395,1.091052532196045,,,0.000173958741733894,2527232,29.141228095999963,86723.59283124714
617,2.3625030517578125,1.883553147315979,,,0.00017359358405681454,2531328,29.16796156999999,86784.53562567558
618,2.3518364429473877,1.2298496961593628,,,0.00017322836323939206,2535424,29.19439796299997,86846.25054482417
619,2.3289694786071777,0.8150069117546082,,,0.00017286308196504333,2539520,29.22052447799996,86908.77543666256
620,2.3952250480651855,2.902618408203125,,,0.00017249774291762935,2543616,29.246533015999944,86971.5394507944
621,2.3691089153289795,1.887770414352417,,,0.00017213234878143562,2547712,29.278299420999986,87017.07579958154
622,2.386302947998047,1.0291234254837036,,,0.00017176690224115235,2551808,29.30662340599997,87072.73999629606
623,2.401210308074951,2.047738552093506,,,0.00017140140598185472,2555904,29.33341965799997,87132.83448706057
624,2.335304021835327,2.1285221576690674,,,0.00017103586268898336,2560000,29.359592369999973,87194.67108868454
625,2.4128928184509277,0.9280068874359131,,,0.00017067027504832444,2564096,29.385440775999996,87257.3605257668
626,2.351783275604248,1.4715583324432373,,,0.00017030464574598986,2568192,29.412081812999986,87317.5865730413
627,2.323045253753662,1.282609462738037,,,0.00016993897746839774,2572288,29.438584366999976,87378.11465158222
628,2.371674060821533,0.7556726336479187,,,0.00016957327290225246,2576384,29.465026156999954,87438.71416479068
629,2.3276467323303223,1.1941016912460327,,,0.00016920753473452518,2580480,29.491856794,87498.05134429476
630,2.3234610557556152,0.9865154027938843,,,0.00016884176565243382,2584576,29.518232309999973,87558.63064077913
631,2.3628907203674316,1.2329057455062866,,,0.00016847596834342345,2588672,29.543983656999956,87620.95288346997
632,2.318746566772461,0.9277985095977783,,,0.00016811014549514654,2592768,29.570230754999955,87681.69655090012
633,2.324680805206299,1.8401477336883545,,,0.0001677442997954433,2596864,29.596319592999976,87742.80166288654
634,2.3502981662750244,1.746358036994934,,,0.0001673784339323217,2600960,29.622035622,87804.90420004398
635,2.3394219875335693,1.2240926027297974,,,0.00016701255059393795,2605056,29.647886022999955,87866.5007676795
636,2.3393468856811523,1.3083022832870483,,,0.00016664665246857654,2609152,29.674343040999986,87926.19254940294
637,2.308872699737549,0.9898664355278015,,,0.0001662807422446309,2613248,29.70062698299995,87986.29071015138
638,2.35306715965271,1.5199661254882812,,,0.0001659148226105829,2617344,29.72666660599998,88047.00623485715
639,2.364147186279297,1.3956109285354614,,,0.00016554889625498395,2621440,29.753441667999994,88105.43765830541
640,2.290252685546875,2.0254769325256348,,,0.00016518296586643465,2625536,29.779665800999965,88165.39505664425
641,2.391127824783325,1.8870333433151245,,,0.00016481703413356527,2629632,29.805617420999965,88226.05359442264
642,2.342061996459961,0.7638996839523315,,,0.000164451103745016,2633728,29.83217101699995,88284.82508025186
643,2.395383358001709,1.2631889581680298,,,0.00016408517738941705,2637824,29.858520477999946,88344.0960158617
644,2.3389320373535156,1.9780312776565552,,,0.0001637192577553691,2641920,29.88436865899996,88404.74530835908
645,2.2882089614868164,1.7417287826538086,,,0.00016335334753142338,2646016,29.91091340099996,88463.22960874677
646,2.342219829559326,1.277086853981018,,,0.00016298744940606202,2650112,29.937168203,88522.46752364616
647,2.3114237785339355,1.262381672859192,,,0.00016262156606767827,2654208,29.96303513299995,88582.74831700123
648,2.3219356536865234,1.3192684650421143,,,0.00016225570020455667,2658304,29.989158515999975,88642.16708787369
649,2.3684911727905273,1.9919850826263428,,,0.0001618898545048534,2662400,30.015487658999973,88700.87437015852
650,2.3145558834075928,1.7537847757339478,,,0.00016152403165657652,2666496,30.04142910799999,88760.62421710543
651,2.315871238708496,2.0325188636779785,,,0.00016115823434756615,2670592,30.067475755999965,88819.96020125113
652,2.3104851245880127,1.2077182531356812,,,0.0001607924652654748,2674688,30.094168054999955,88877.28662615803
653,2.322467565536499,2.608764886856079,,,0.00016042672709774746,2678784,30.120299767999995,88936.16665946857
654,2.282179594039917,3.2519068717956543,,,0.00016006102253160223,2682880,30.146194029999947,88995.64559725634
655,2.3446922302246094,1.0343084335327148,,,0.00015969535425401011,2686976,30.172765237999954,89053.02443463118
656,2.2991719245910645,1.8807696104049683,,,0.00015932972495167553,2691072,30.198941162999972,89111.46869272114
657,2.3271079063415527,2.4638872146606445,,,0.00015896413731101655,2695168,30.22614871799999,89166.7683218603
658,2.288118362426758,0.8455713987350464,,,0.00015859859401814522,2699264,30.25324668099995,89222.291691927
659,2.294560194015503,1.9921040534973145,,,0.00015823309775884762,2703360,30.27967154199996,89279.70028506605
660,2.2787833213806152,1.9714349508285522,,,0.00015786765121856436,2707456,30.305615100999944,89338.42758105465
661,2.276670455932617,0.8006030917167664,,,0.00015750225708237057,2711552,30.33161650699998,89396.88392058577
662,2.2928338050842285,1.8801900148391724,,,0.00015713691803495662,2715648,30.35799035299999,89454.14266302506
663,2.3342437744140625,1.7587701082229614,,,0.0001567716367606079,2719744,30.384194735999984,89511.80123847668
664,2.3022937774658203,1.2110532522201538,,,0.00015640641594318546,2723840,30.41116380899996,89567.10822076134
665,2.3375084400177,1.5801770687103271,,,0.0001560412582661059,2727936,30.437698931,89623.59494336376
666,2.275977611541748,1.236392617225647,,,0.0001556761664123223,2732032,30.46376016199997,89681.37831546793
667,2.2642879486083984,1.265967607498169,,,0.00015531114306430383,2736128,30.490352721999955,89737.49910166762
668,2.351663589477539,1.9878567457199097,,,0.00015494619090401638,2740224,30.51699100799999,89793.3875355422
669,2.3444766998291016,0.8196950554847717,,,0.0001545813126129027,2744320,30.54299691799997,89851.03876243015
670,2.3323230743408203,1.143219232559204,,,0.00015421651087186308,2748416,30.569388539999977,89907.45746856218
671,2.2780723571777344,0.9300714731216431,,,0.00015385178836123511,2752512,30.59573226399999,89963.91968165776
672,2.3104443550109863,1.8114209175109863,,,0.0001534871477607743,2756608,30.621666262999952,90021.4892398197
673,2.333340644836426,1.7015209197998047,,,0.0001531225917496344,2760704,30.647848581999995,90078.23151480228
674,2.324899196624756,2.0977602005004883,,,0.0001527581230063476,2764800,30.674379761999944,90133.85181548451
675,2.3260035514831543,2.1582865715026855,,,0.00015239374420880492,2768896,30.700519732999965,90190.525244552
676,2.2929739952087402,1.1468603610992432,,,0.0001520294580342364,2772992,30.726674022999987,90247.0601902542
677,2.2854976654052734,1.9404462575912476,,,0.0001516652671591918,2777088,30.753304543999946,90302.10057675956
678,2.335000991821289,2.654667854309082,,,0.00015130117425952042,2781184,30.77960765399996,90358.00687467735
679,2.2912003993988037,1.5970996618270874,,,0.00015093718201035185,2785280,30.80535201799995,90415.45762478307
680,2.297545909881592,1.4274040460586548,,,0.000150573293086076,2789376,30.83189519299998,90470.4684074463
681,2.3197085857391357,1.8419612646102905,,,0.0001502095101603239,2793472,30.860420401,90519.57049520558
682,2.333710193634033,1.309810757637024,,,0.0001498458359059475,2797568,30.88739068899997,90573.14125910633
683,2.3192477226257324,1.632239818572998,,,0.00014948227299500046,2801664,30.913697163999984,90628.56458536541
684,2.293875217437744,1.581753134727478,,,0.00014911882409871812,2805760,30.93960817699997,90685.05276307148
685,2.290289878845215,0.8469094634056091,,,0.00014875549188749846,2809856,30.965251271,90742.23152296926
686,2.302842617034912,1.310408115386963,,,0.00014839227903088194,2813952,30.991666733999978,90797.05277396076
687,2.296987295150757,1.4302113056182861,,,0.00014802918819753198,2818048,31.017850974999988,90852.45790468568
688,2.338289260864258,1.1073353290557861,,,0.0001476662220552156,2822144,31.043686106999985,90908.79189645071
689,2.2937746047973633,1.1125140190124512,,,0.00014730338327078368,2826240,31.070208250999997,90963.02081943842
690,2.2819676399230957,1.4720213413238525,,,0.00014694067451015126,2830336,31.096504261999996,91017.8191141143
691,2.3157007694244385,0.9316732883453369,,,0.00014657809843827808,2834432,31.122495802999993,91073.4157678569
692,2.2573931217193604,1.3187488317489624,,,0.00014621565771914891,2838528,31.148598339999978,91128.59490550039
693,2.2699248790740967,1.0629619359970093,,,0.0001458533550157542,2842624,31.175086360999956,91182.55414221158
694,2.2746338844299316,0.7606204152107239,,,0.00014549119299007022,2846720,31.201128014999995,91237.7270024159
695,2.2812108993530273,1.3195747137069702,,,0.00014512917430303958,2850816,31.226919140999996,91293.54026657612
696,2.225766897201538,1.4174902439117432,,,0.00014476730161455177,2854912,31.253208257999972,91347.80584547573
697,2.3010663986206055,0.9246591925621033,,,0.0001444055775834237,2859008,31.279548250999994,91401.83154367004
698,2.2800140380859375,1.537360429763794,,,0.00014404400486737985,2863104,31.30542511499999,91457.11931661787
699,2.306452989578247,1.8905365467071533,,,0.000143682586123033,2867200,31.33200127599997,91510.27330629688
700,2.3011507987976074,1.1058300733566284,,,0.00014332132400586466,2871296,31.35837533199998,91563.92732725397
701,2.264936685562134,1.6865822076797485,,,0.00014296022117020563,2875392,31.384732439999993,91617.54064646093
702,2.3186845779418945,1.2163591384887695,,,0.00014259928026921618,2879488,31.412012471999958,91668.37058169127
703,2.33892560005188,1.0213810205459595,,,0.00014223850395486698,2883584,31.438940118999994,91720.14034459507
704,2.319408416748047,1.215320110321045,,,0.00014187789487791927,2887680,31.465394793999963,91773.20096904179
705,2.2677905559539795,1.2350717782974243,,,0.00014151745568790575,2891776,31.492296168999985,91824.86994538596
706,2.2614240646362305,1.8052083253860474,,,0.00014115718903311066,2895872,31.518450430999962,91878.62856201097
707,2.2968857288360596,1.4650815725326538,,,0.0001407970975605507,2899968,31.544627719999994,91932.2309250572
708,2.264697790145874,2.075625419616699,,,0.00014043718391595534,2904064,31.571408005999956,91983.98751959685
709,2.2243685722351074,1.6977012157440186,,,0.00014007745074374765,2908160,31.597930274999953,92036.40791311304
710,2.286653518676758,1.026207685470581,,,0.00013971790068702448,2912256,31.62395473099997,92090.19000856357
711,2.249392032623291,0.913235068321228,,,0.00013935853638753743,2916352,31.650756925999985,92141.61945063372
712,2.29710054397583,1.0723521709442139,,,0.00013899936048567316,2920448,31.677085713999986,92194.33966772014
713,2.251284122467041,0.8128114342689514,,,0.00013864037562043424,2924544,31.70294921599998,92248.32617540922
714,2.2922379970550537,1.647493600845337,,,0.00013828158442941944,2928640,31.729221962999986,92301.03415126723
715,2.263746738433838,1.2368515729904175,,,0.00013792298954880467,2932736,31.755468363999967,92353.73153320381
716,2.2014036178588867,1.0484927892684937,,,0.00013756459361332339,2936832,31.78134149799996,92407.42717499255
717,2.3023149967193604,1.1375242471694946,,,0.0001372063992562474,2940928,31.80737196499996,92460.57810862601
718,2.2370054721832275,1.1108055114746094,,,0.0001368484091093674,2945024,31.833525028999986,92513.2858304921
719,2.263115644454956,1.1235103607177734,,,0.0001364906258029737,2949120,31.85932508899998,92566.93265665688
720,2.2620625495910645,1.6941081285476685,,,0.00013613305196583675,2953216,31.884794520999947,92621.45308965232
721,2.2461352348327637,1.1665843725204468,,,0.00013577569022518816,2957312,31.911256829999957,92673.00300186904
722,2.3069210052490234,1.397963047027588,,,0.00013541854320670105,2961408,31.937533143999985,92725.00749032808
723,2.259554386138916,0.8611818552017212,,,0.00013506161353447085,2965504,31.963222945999973,92778.62889515392
724,2.2511792182922363,1.4033061265945435,,,0.0001347049038309962,2969600,31.989758173999974,92829.7108045529
725,2.241300106048584,1.384863257408142,,,0.00013434841671715949,2973696,32.01626638699997,92880.78641198002
726,2.2788796424865723,1.264569640159607,,,0.0001339921548122076,2977792,32.042314414999964,92933.11217887577
727,2.217902183532715,1.5375871658325195,,,0.00013363612073373276,2981888,32.06846191799997,92985.06450433383
728,2.2638731002807617,0.8670192360877991,,,0.00013328031709765336,2985984,32.094669142999976,93036.75905477467
729,2.2856764793395996,1.0600762367248535,,,0.0001329247465181945,2990080,32.12061443099998,93089.1283671784
730,2.1825485229492188,1.1153383255004883,,,0.00013256941160786893,2994176,32.14639690399997,93141.88488811432
731,2.229001522064209,1.05164635181427,,,0.00013221431497745795,2998272,32.17282394399996,93192.68974395268
732,2.2275609970092773,1.5522513389587402,,,0.0001318594592359921,3002368,32.19900034999995,93244.13700315404
733,2.2259113788604736,0.9437893033027649,,,0.00013150484699073198,3006464,32.22490732599999,93296.28071806113
734,2.266467571258545,0.9702578783035278,,,0.0001311504808471491,3010560,32.25131477999997,93346.8920735889
735,2.234755039215088,1.1074131727218628,,,0.00013079636340890683,3014656,32.27749889499995,93398.06686406532
736,2.2466697692871094,0.8885674476623535,,,0.00013044249727784123,3018752,32.30318022099999,93450.613201159
737,2.2195663452148438,1.0360571146011353,,,0.00013008888505394183,3022848,32.32977859099998,93500.42381179516
738,2.172372341156006,0.9448032975196838,,,0.00012973552933533264,3026944,32.35651747199995,93549.74627969149
739,2.260765552520752,1.4000115394592285,,,0.00012938243271825304,3031040,32.38305636199999,93599.56534420217
740,2.1806840896606445,1.1354434490203857,,,0.0001290295977970387,3035136,32.41010870699995,93647.819186255
741,2.2707974910736084,1.8865153789520264,,,0.00012867702716410246,3039232,32.43701092799995,93696.42618261428
742,2.239032745361328,2.3729934692382812,,,0.0001283247234099154,3043328,32.46314315999996,93747.17614374109
743,2.2028021812438965,1.6610386371612549,,,0.0001279726891229877,3047424,32.490081318999955,93795.51777907953
744,2.2424018383026123,1.3738977909088135,,,0.00012762092688984965,3051520,32.51684106099998,93844.29423127235
745,2.317061185836792,0.9961889386177063,,,0.00012726943929503273,3055616,32.54306323499998,93894.54145526452
746,2.2417144775390625,1.8312357664108276,,,0.00012691822892105042,3059712,32.56981204199997,93943.18874344099
747,2.243079662322998,1.2900768518447876,,,0.00012656729834837946,3063808,32.59620333299995,93992.78709549105
748,2.2554736137390137,1.0144919157028198,,,0.00012621665015544075,3067904,32.62198830699998,94044.05308249385
749,2.196423053741455,1.1418908834457397,,,0.00012586628691858048,3072000,32.64840489899996,94093.41771836753
750,2.2285003662109375,1.0296640396118164,2.136549353179236,8.470159614548288,0.00012551621121205107,3076096,32.674687553999945,94143.08843554444
751,2.1919784545898438,0.8457872867584229,,,0.00012516642560799236,3080192,36.98632264199995,83279.21728834641
752,2.256122589111328,1.5079410076141357,,,0.00012481693267641278,3084288,37.01221615399999,83331.62183985232
753,2.2389349937438965,1.0794878005981445,,,0.0001244677349851703,3088384,37.03792306099996,83384.37322507412
754,2.2772598266601562,1.5445771217346191,,,0.00012411883509995375,3092480,37.06362149299997,83437.0705135779
755,2.2656900882720947,1.5438785552978516,,,0.00012377023558426365,3096576,37.09007994799998,83487.98396610028
756,2.2096199989318848,1.0071794986724854,,,0.0001234219389993939,3100672,37.11644766499995,83539.02905756442
757,2.259425640106201,1.1223357915878296,,,0.00012307394790441234,3104768,37.14222926599996,83591.32075150126
758,2.207576274871826,0.7940866351127625,,,0.00012272626485614253,3108864,37.16884090099995,83641.6720198655
759,2.191926956176758,1.6408439874649048,,,0.00012237889240914444,3112960,37.19508327899996,83692.78209836814
760,2.183075428009033,0.8340700268745422,,,0.00012203183311569617,3117056,37.22098336799996,83744.59022702313
761,2.2654614448547363,1.8670761585235596,,,0.00012168508952577483,3121152,37.24745120699998,83795.0490264267
762,2.2254068851470947,1.0117868185043335,,,0.00012133866418703792,3125248,37.27397105199998,83845.31918104581
763,2.226011276245117,0.7896606922149658,,,0.00012099255964480464,3129344,37.29992257199996,83896.79613836823
764,2.201521158218384,1.0066287517547607,,,0.0001206467784420373,3133440,37.32602904199996,83947.85302433842
765,2.217571258544922,1.159861445426941,,,0.00012030132311932234,3137536,37.35235862799999,83998.33679172397
766,2.234853982925415,1.5657761096954346,,,0.00011995619621485197,3141632,37.37847740699999,84049.22345530469
767,2.250391721725464,1.2322735786437988,,,0.00011961140026440517,3145728,37.40437750699999,84100.53073096316
768,2.2383832931518555,1.5490306615829468,,,0.00011926693780132961,3149824,37.430895462999956,84150.37794416561
769,2.146620273590088,1.4721044301986694,,,0.00011892281135652244,3153920,37.457341559999975,84200.3161102072
770,2.2245452404022217,1.285426378250122,,,0.00011857902345841208,3158016,37.483854185999974,84250.03427687814
771,2.2985920906066895,1.5435118675231934,,,0.00011823557663293935,3162112,37.51107056999996,84298.10058604264
772,2.24704647064209,1.3526716232299805,,,0.00011789247340353931,3166208,37.53800300199998,84346.73522273703
773,2.1579854488372803,1.331380844116211,,,0.0001175497162911224,3170304,37.564602916999945,84396.04717784123
774,2.237168788909912,1.101070761680603,,,0.0001172073078140559,3174400,37.591600160999974,84444.3967908909
775,2.2139554023742676,1.014588475227356,,,0.00011686525048814559,3178496,37.61817559699995,84493.62441312772
776,2.2089948654174805,1.197052001953125,,,0.00011652354682661739,3182592,37.6444176,84543.53136280159
777,2.2103209495544434,2.5121726989746094,,,0.00011618219934009848,3186688,37.67121853499998,84592.11365937839
778,2.191128730773926,1.2898283004760742,,,0.00011584121053659915,3190784,37.69748604099999,84641.82456436713
779,2.224599838256836,1.5545477867126465,,,0.00011550058292149427,3194880,37.72348171899995,84692.07651081833
780,2.172956943511963,2.070496082305908,,,0.00011516031899750509,3198976,37.750391149999984,84740.20804947345
781,2.1742162704467773,1.1659384965896606,,,0.00011482042126468056,3203072,37.77695921899999,84789.03718616423
782,2.222243309020996,1.0431509017944336,,,0.00011448089222037897,3207168,37.80308919299995,84838.7808632813
783,2.2040774822235107,0.8775847554206848,,,0.00011414173435924998,3211264,37.829931373999955,84886.85766443293
784,2.2063112258911133,0.9232733249664307,,,0.00011380295017321586,3215360,37.856538710999985,84935.39318389169
785,2.2080183029174805,1.2048617601394653,,,0.00011346454215145328,3219456,37.88306370999999,84984.04523576483
786,2.2028613090515137,1.0835076570510864,,,0.00011312651278037521,3223552,37.91078317399996,85029.95005945385
787,2.172595739364624,1.008772373199463,,,0.00011278886454361254,3227648,37.937755009,85077.46436852425
788,2.219722032546997,0.997735857963562,,,0.0001124515999219958,3231744,37.96419301099996,85126.10814784384
789,2.212402582168579,1.138146162033081,,,0.00011211472139353683,3235840,37.991526834999945,85172.67584568255
790,2.1910367012023926,1.4265395402908325,,,0.0001117782314334108,3239936,38.018509911999956,85219.96278916139
791,2.185716152191162,1.0115307569503784,,,0.00011144213251393804,3244032,38.04544293699996,85267.29483401844
792,2.214961051940918,2.1516201496124268,,,0.00011110642710456556,3248128,38.07213217699996,85315.10620154474
793,2.152337074279785,1.2630701065063477,,,0.00011077111767184913,3252224,38.098906100999955,85362.6608432897
794,2.173448085784912,1.3528120517730713,,,0.00011043620667943516,3256320,38.12551322499996,85410.52236549933
795,2.1375510692596436,1.7663798332214355,,,0.00011010169658804268,3260416,38.15248603799995,85457.49801867746
796,2.2157535552978516,0.9866278171539307,,,0.00010976758985544501,3264512,38.178931560999956,85505.58820076362
797,2.181196689605713,1.9769060611724854,,,0.00010943388893645181,3268608,38.205561245999945,85553.1994139261
798,2.130546808242798,2.6673896312713623,,,0.00010910059628289113,3272704,38.232525833999944,85599.99447092782
799,2.2215487957000732,1.360100507736206,,,0.00010876771434359148,3276800,38.259198254999944,85647.37760995208
800,2.110462188720703,2.266169309616089,,,0.00010843524556436337,3280896,38.28592994899998,85694.56205897113
801,2.239177703857422,2.9987332820892334,,,0.00010810319238798204,3284992,38.31311196799999,85740.6728731329
802,2.224900960922241,1.9665285348892212,,,0.0001077715572541688,3289088,38.33968380099998,85788.08362301135
803,2.2187952995300293,1.0869888067245483,,,0.00010744034259957364,3293184,38.36621883799995,85835.51102352195
804,2.1946372985839844,1.4893473386764526,,,0.00010710955085775716,3297280,38.392998809999995,85882.32496027836
805,2.159963607788086,1.006861925125122,,,0.00010677918445917248,3301376,38.41934432199997,85930.04535242787
806,2.149949789047241,1.4779093265533447,,,0.00010644924583114768,3305472,38.44626118399998,85976.42262742636
807,2.1992392539978027,1.5562970638275146,,,0.00010611973739786791,3309568,38.47337754099999,86022.28895742483
808,2.2140400409698486,1.1967021226882935,,,0.0001057906615803573,3313664,38.499688811,86069.89049358839
809,2.140881061553955,1.1766120195388794,,,0.00010546202079646164,3317760,38.526396395999996,86116.54113449517
810,2.1673855781555176,0.8856847882270813,,,0.00010513381746083014,3321856,38.55306107499996,86163.22303273823
811,2.2264404296875,1.343301773071289,,,0.00010480605398489805,3325952,38.57924248799998,86210.92031639899
812,2.181520462036133,1.2538459300994873,,,0.00010447873277686883,3330048,38.60543915299996,86258.51882690545
813,2.2027945518493652,1.0327351093292236,,,0.00010415185624169632,3334144,38.63195173899999,86305.34699685112
814,2.1689200401306152,0.9144511818885803,,,0.00010382542678106707,3338240,38.65828694999999,86352.50714336168
815,2.1608757972717285,0.9137200713157654,,,0.00010349944679338324,3342336,38.684606099999996,86399.6389509573
816,2.140117645263672,1.048834204673767,,,0.00010317391867374403,3346432,38.71124612899996,86445.99010965627
817,2.182750701904297,1.624246597290039,,,0.00010284884481392897,3350528,38.737420058,86493.3182174597
818,2.190307378768921,0.9212526679039001,,,0.00010252422760237966,3354624,38.763563888999954,86540.64960605832
819,2.170863628387451,1.3265151977539062,,,0.0001022000694241828,3358720,38.790595663999966,86585.93513471351
820,2.146043300628662,1.766838550567627,,,0.00010187637266105231,3362816,38.817037563999975,86632.474063883
821,2.1918435096740723,1.5785765647888184,,,0.00010155313969131183,3366912,38.84302793299997,86679.95723215913
822,2.179955244064331,1.236828088760376,,,0.0001012303728898773,3371008,38.86992801699995,86725.3471250493
823,2.207474708557129,1.2299065589904785,,,0.00010090807462823987,3375104,38.89701355999995,86770.26051868452
824,2.1805005073547363,1.0428452491760254,,,0.0001005862472744478,3379200,38.92358532399999,86816.25733784628
825,2.1564524173736572,1.235962986946106,,,0.00010026489319308945,3383296,38.95045896299996,86861.51819709955
826,2.1463046073913574,0.9269094467163086,,,9.994401474527602e-05,3387392,38.97717501799997,86907.06800674179
827,2.1651949882507324,1.6205095052719116,,,9.962361428862399e-05,3391488,39.00354352199997,86953.33022977845
828,2.1873340606689453,1.356666922569275,,,9.930369417723786e-05,3395584,39.030170371999986,86998.95408183952
829,2.1831142902374268,1.3149633407592773,,,9.898425676169281e-05,3399680,39.05659824899999,87044.95917247595
830,2.1843748092651367,0.8517472743988037,,,9.866530438901736e-05,3403776,39.08307462199997,87090.79397975524
831,2.1803038120269775,1.144302487373352,,,9.83468394026766e-05,3407872,39.10998336899996,87135.60340455698
832,2.1571202278137207,1.1592745780944824,,,9.802886414255423e-05,3411968,39.13630858099998,87181.65109870513
833,2.1149070262908936,0.897096574306488,,,9.771138094493587e-05,3416064,39.16263346299996,87227.63762113765
834,2.1695680618286133,1.4175139665603638,,,9.739439214249183e-05,3420160,39.18960901099996,87272.1133563749
835,2.098999261856079,0.7855281829833984,,,9.707790006425989e-05,3424256,39.216125303999945,87317.55045801873
836,2.1577556133270264,0.8030009865760803,,,9.67619070356281e-05,3428352,39.24249333299997,87363.25622605164
837,2.1269495487213135,1.29704749584198,,,9.644641537831793e-05,3432448,39.27008213399995,87406.18337103487
838,2.1482701301574707,1.1974951028823853,,,9.613142741036706e-05,3436544,39.296814730999984,87450.9555933301
839,2.1227121353149414,1.0249301195144653,,,9.581694544611237e-05,3440640,39.322984848999965,87496.9184870385
840,2.160402774810791,1.8010977506637573,,,9.550297179617288e-05,3444736,39.35047737399998,87539.87829067706
841,2.12125825881958,1.6281598806381226,,,9.518950876743275e-05,3448832,39.37776055499995,87583.24372415556
842,2.1010632514953613,1.1331448554992676,,,9.487655866302478e-05,3452928,39.40441863999996,87627.93917976716
843,2.155796527862549,0.8484634757041931,,,9.456412378231271e-05,3457024,39.43096295999999,87672.8271512647
844,2.1341147422790527,0.9312704205513,,,9.425220642087486e-05,3461120,39.457451762999995,87717.77814718279
845,2.124645233154297,1.3068126440048218,,,9.394080887048724e-05,3465216,39.483693089999974,87763.21890916619
846,2.1571733951568604,1.0284539461135864,,,9.36299334191066e-05,3469312,39.51286724899995,87802.08174054507
847,2.14578914642334,1.4605156183242798,,,9.331958235085342e-05,3473408,39.539514516999986,87846.50096061778
848,2.143972635269165,1.2353320121765137,,,9.300975794599563e-05,3477504,39.56574084299996,87891.79542470885
849,2.1175291538238525,1.659788727760315,,,9.270046248093125e-05,3481600,39.59444517199995,87931.5263763839
850,2.1303658485412598,1.2168210744857788,,,9.239169822817236e-05,3485696,39.62042762599998,87977.24327721777
851,2.1856131553649902,1.60983407497406,,,9.20834674563277e-05,3489792,39.64714710599998,88021.26394289476
852,2.1767735481262207,1.6774990558624268,,,9.177577243008639e-05,3493888,39.67408387099999,88064.74300352726
853,2.136662006378174,0.9302971363067627,,,9.14686154102013e-05,3497984,39.70037055399996,88109.6058093988
854,2.1311473846435547,1.1454418897628784,,,9.116199865347238e-05,3502080,39.72694164899997,88153.77813228058
855,2.135211944580078,1.393497347831726,,,9.085592441272991e-05,3506176,39.75329982799997,88198.363787915
856,2.200007438659668,0.9530234336853027,,,9.05503949368183e-05,3510272,39.77948989499998,88243.26328129254
857,2.123666286468506,0.8976613283157349,,,9.024541247057912e-05,3514368,39.80597983199999,88287.43859169628
858,2.2060112953186035,1.1929714679718018,,,8.994097925483508e-05,3518464,39.832455396,88331.58701919556
859,2.1324620246887207,1.4015318155288696,,,8.963709752637327e-05,3522560,39.85832150299996,88377.02811280884
860,2.142639636993408,1.1228976249694824,,,8.93337695179287e-05,3526656,39.884098061999964,88422.60879305335
861,2.175170421600342,1.480399250984192,,,8.903099745816807e-05,3530752,39.91030897799999,88467.1677672623
862,2.139631748199463,1.2533296346664429,,,8.872878357167335e-05,3534848,39.93653014099999,88511.64554155954
863,2.130134344100952,1.8623788356781006,,,8.842713007892528e-05,3538944,39.96247975599999,88556.66669355423
864,2.0829319953918457,0.9710236191749573,,,8.812603919628729e-05,3543040,39.988981792999994,88600.40544018561
865,2.164228916168213,1.4988775253295898,,,8.7825513135989e-05,3547136,40.015297084999986,88644.4999387414
866,2.0946946144104004,1.3834450244903564,,,8.752555410611013e-05,3551232,40.041128965999974,88689.60720401887
867,2.160247802734375,1.3459110260009766,,,8.722616431056427e-05,3555328,40.06786274999996,88732.65894373175
868,2.123917818069458,1.1594277620315552,,,8.692734594908241e-05,3559424,40.094194855999945,88776.54265870227
869,2.170868396759033,0.9471431374549866,,,8.662910121719722e-05,3563520,40.120270894999976,88820.93566432291
870,2.1611180305480957,1.5269454717636108,,,8.633143230622666e-05,3567616,40.14653458299995,88864.85563590107
871,2.1208693981170654,1.303626298904419,,,8.603434140325775e-05,3571712,40.173187120999955,88907.85760268792
872,2.1251087188720703,1.1849184036254883,,,8.57378306911309e-05,3575808,40.199291993999964,88952.01439203744
873,2.138394355773926,1.5604901313781738,,,8.544190234842341e-05,3579904,40.22547845599996,88995.933358899
874,2.211296558380127,1.288194179534912,,,8.514655854943382e-05,3584000,40.251779527999986,89039.54165571473
875,2.1460680961608887,1.0263519287109375,,,8.485180146416589e-05,3588096,40.27763038799998,89084.08874691425
876,2.14316725730896,1.4079937934875488,,,8.455763325831231e-05,3592192,40.30359549699995,89128.32603898553
877,2.117927074432373,1.253287434577942,,,8.426405609323924e-05,3596288,40.330164356999944,89171.17143798117
878,2.1512746810913086,1.1126701831817627,,,8.397107212597029e-05,3600384,40.35639440899996,89214.70940915056
879,2.129030227661133,1.2449158430099487,,,8.367868350917041e-05,3604480,40.38281879099998,89257.7612933578
880,2.1377310752868652,1.3917515277862549,,,8.338689239113049e-05,3608576,40.40988603699998,89299.33622420827
881,2.119406223297119,0.9244076609611511,,,8.309570091575118e-05,3612672,40.436468142999956,89341.92737170092
882,2.1821985244750977,0.9508393406867981,,,8.280511122252749e-05,3616768,40.46355247399998,89383.35313796208
883,2.124523401260376,0.9213542938232422,,,8.251512544653287e-05,3620864,40.49370945499999,89417.937964508
884,2.1060433387756348,1.0166336297988892,,,8.222574571840343e-05,3624960,40.523124638999946,89454.10879079385
885,2.130397319793701,1.125877022743225,,,8.193697416432257e-05,3629056,40.551188010999965,89493.21038425749
886,2.163886785507202,1.093812108039856,,,8.16488129060052e-05,3633152,40.57770560399996,89535.6685628342
887,2.1064212322235107,1.4684454202651978,,,8.1361264060682e-05,3637248,40.60396350499997,89578.64420186738
888,2.0817461013793945,1.3075803518295288,,,8.107432974108421e-05,3641344,40.63068430999999,89620.54323815057
889,2.0755605697631836,1.4266034364700317,,,8.078801205542774e-05,3645440,40.656898867999985,89663.50364880469
890,2.1200790405273438,1.2913552522659302,,,8.050231310739801e-05,3649536,40.684085368999945,89704.26560899995
891,2.1772027015686035,0.8834945559501648,,,8.021723499613427e-05,3653632,40.711833756999965,89743.7345074587
892,2.092468023300171,1.1018863916397095,,,7.993277981621416e-05,3657728,40.73951469599996,89783.29828654382
893,2.134413719177246,1.0176011323928833,,,7.964894965763854e-05,3661824,40.76608732799997,89825.25034932395
894,2.162612199783325,1.4490607976913452,,,7.936574660581603e-05,3665920,40.79276775899996,89866.91027335849
895,2.1601529121398926,0.9811248183250427,,,7.908317274154744e-05,3670016,40.81923509799998,89908.98509462319
896,2.1223487854003906,2.3365936279296875,,,7.88012301410109e-05,3674112,40.845956428999955,89950.4460468807
897,2.1295523643493652,2.5076181888580322,,,7.851992087574636e-05,3678208,40.87276150299999,89991.66840562083
898,2.130532741546631,1.5893958806991577,,,7.823924701264033e-05,3682304,40.89897247299996,90034.14456025578
899,2.1446871757507324,1.3702415227890015,,,7.795921061391092e-05,3686400,40.925365254999974,90076.16613878899
900,2.13150954246521,1.5176832675933838,,,7.767981373709238e-05,3690496,40.95178264799995,90118.07939404174
901,2.0969371795654297,1.876296877861023,,,7.740105843502028e-05,3694592,40.97770484499995,90161.02814872048
902,2.1182374954223633,1.2736955881118774,,,7.71229467558163e-05,3698688,41.003795157999946,90203.55276256365
903,2.1030189990997314,1.2307050228118896,,,7.684548074287301e-05,3702784,41.03022977399996,90245.26600010367
904,2.1131038665771484,1.5020438432693481,,,7.656866243483923e-05,3706880,41.056491481999956,90287.30576321104
905,2.0734543800354004,1.7681387662887573,,,7.629249386560476e-05,3710976,41.08254912399997,90329.74046471935
906,2.201781749725342,1.3648604154586792,,,7.601697706428546e-05,3715072,41.109085283999946,90371.06942016883
907,2.107409954071045,1.8532655239105225,,,7.574211405520851e-05,3719168,41.13525556799999,90413.1492231015
908,2.112579107284546,1.7160191535949707,,,7.546790685789732e-05,3723264,41.16146195299996,90455.09618320635
909,2.122037887573242,1.1755361557006836,,,7.51943574870569e-05,3727360,41.18844025699997,90495.29374607808
910,2.0641863346099854,1.4337300062179565,,,7.492146795255896e-05,3731456,41.214821178999955,90536.75093709434
911,2.097294807434082,1.2181867361068726,,,7.464924025942701e-05,3735552,41.240890207999996,90578.84010649628
912,2.1078855991363525,1.1136345863342285,,,7.437767640782183e-05,3739648,41.26746915499996,90619.75634982465
913,2.092463254928589,1.2616610527038574,,,7.410677839302684e-05,3743744,41.293791339999984,90661.18364320676
914,2.1493992805480957,1.0354104042053223,,,7.383654820543306e-05,3747840,41.319777700999964,90703.29533523362
915,2.115884780883789,1.4631855487823486,,,7.356698783052497e-05,3751936,41.34615972499995,90744.4857020516
916,2.1281604766845703,1.2614434957504272,,,7.329809924886542e-05,3756032,41.372706161999986,90785.26275977184
917,2.1531031131744385,1.4371873140335083,,,7.302988443608156e-05,3760128,41.39871449999998,90827.16807547252
918,2.1088509559631348,1.6174341440200806,,,7.276234536285005e-05,3764224,41.424821775,90868.80374393596
919,2.1845030784606934,0.9117916822433472,,,7.249548399488256e-05,3768320,41.45119149899995,90909.81136431059
920,2.0977587699890137,1.1433868408203125,,,7.222930229291137e-05,3772416,41.47706952799996,90951.84502977849
921,2.1696672439575195,2.0425848960876465,,,7.196380221267522e-05,3776512,41.502775260999954,90994.20403215247
922,2.100773334503174,1.4609016180038452,,,7.16989857049045e-05,3780608,41.52938551599999,91034.52779342108
923,2.0698909759521484,1.0810558795928955,,,7.143485471530716e-05,3784704,41.55538020899996,91076.14900802467
924,2.097654104232788,1.1914952993392944,,,7.117141118455444e-05,3788800,41.581036952999966,91118.45874076134
925,2.0846140384674072,1.0560520887374878,,,7.090865704826655e-05,3792896,41.60741391899995,91159.13830606955
926,2.1218228340148926,1.3061624765396118,,,7.06465942369985e-05,3796992,41.63382302399998,91199.69592538281
927,2.103968858718872,1.3133894205093384,,,7.038522467622577e-05,3801088,41.660140611999964,91240.4025565175
928,2.100224256515503,1.114919900894165,,,7.012455028633021e-05,3805184,41.687029601999996,91279.80660482081
929,2.116971969604492,1.2083767652511597,,,6.986457298258628e-05,3809280,41.71368261799995,91319.67644487592
930,2.085254669189453,1.3231521844863892,,,6.96052946751464e-05,3813376,41.73969563899999,91360.89618336665
931,2.12796950340271,0.9687013030052185,,,6.934671726902722e-05,3817472,41.76636914899996,91400.61915320701
932,2.0863242149353027,1.2180713415145874,,,6.908884266409573e-05,3821568,41.793263921999994,91439.80731278384
933,2.0876314640045166,0.8121424317359924,,,6.883167275505508e-05,3825664,41.81951809699996,91480.34635708643
934,2.0775983333587646,0.8055608868598938,,,6.857520943143084e-05,3829760,41.84661023799998,91519.00185507211
935,2.1185719966888428,0.7862294912338257,,,6.831945457755693e-05,3833856,41.873397197999964,91558.27462174767
936,2.0979485511779785,1.100170612335205,,,6.806441007256181e-05,3837952,41.899421590999964,91599.16424298316
937,2.0491061210632324,0.823561429977417,,,6.781007779035498e-05,3842048,41.92617914499999,91638.40059721237
938,2.1191582679748535,1.3643913269042969,,,6.755645959961278e-05,3846144,41.95270393199996,91678.09555813408
939,2.1228654384613037,1.2539442777633667,,,6.73035573637648e-05,3850240,41.97880007499998,91718.67688264317
940,2.1152536869049072,0.8097273707389832,,,6.70513729409804e-05,3854336,42.00517282499999,91758.60354289593
941,2.12290620803833,0.684326708316803,,,6.679990818415483e-05,3858432,42.031444799999974,91798.70019600188
942,2.1473824977874756,1.2807921171188354,,,6.65491649408956e-05,3862528,42.057376155999975,91839.49054912607
943,2.1443963050842285,1.2499011754989624,,,6.62991450535091e-05,3866624,42.08316851699999,91880.5341008967
944,2.097944498062134,1.5391143560409546,,,6.604985035898683e-05,3870720,42.10949008299997,91920.37216244158
945,2.1111505031585693,1.120749592781067,,,6.580128268899219e-05,3874816,42.13552490799998,91960.78625958486
946,2.0608725547790527,1.0855340957641602,,,6.555344386984672e-05,3878912,42.16122321199998,92001.88477681499
947,2.1058764457702637,0.996006190776825,,,6.530633572251674e-05,3883008,42.187639268,92041.36726714936
948,2.084707021713257,1.5654858350753784,,,6.505996006260033e-05,3887104,42.213965619999954,92080.99601422863
949,2.114079236984253,1.9816699028015137,,,6.481431870031343e-05,3891200,42.23983765599996,92121.56617858767
950,2.1045773029327393,1.04163658618927,,,6.456941344047689e-05,3895296,42.26605241599998,92161.33935719581
951,2.1410508155822754,1.1253124475479126,,,6.432524608250318e-05,3899392,42.29230352099995,92200.98399378468
952,2.086519718170166,1.1776177883148193,,,6.408181842038313e-05,3903488,42.31822753899996,92241.2923935104
953,2.1204190254211426,1.3858410120010376,,,6.383913224267266e-05,3907584,42.34724533899998,92274.80958250863
954,2.094893455505371,1.3196651935577393,,,6.359718933247984e-05,3911680,42.37416796399998,92312.84501735265
955,2.088207244873047,0.8988431096076965,,,6.335599146745148e-05,3915776,42.39996566399998,92353.28233590341
956,2.1102540493011475,2.0557336807250977,,,6.311554041976055e-05,3919872,42.426486557999965,92392.09555194399
957,2.0790135860443115,1.2146658897399902,,,6.28758379560926e-05,3923968,42.45266178999998,92431.6128729605
958,2.1580543518066406,1.720727801322937,,,6.263688583763312e-05,3928064,42.47850849599996,92471.79665853595
959,2.0275774002075195,2.0275115966796875,,,6.239868582005462e-05,3932160,42.504676949999975,92511.23128463166
960,2.0683555603027344,1.3528592586517334,,,6.216123965350355e-05,3936256,42.530968179999945,92550.35021401211
961,2.0636181831359863,1.4598687887191772,,,6.192454908258753e-05,3940352,42.556734500999994,92590.56283811931
962,2.0648159980773926,1.0806792974472046,,,6.168861584636259e-05,3944448,42.58236690499996,92631.01811132177
963,2.075043201446533,1.0697203874588013,,,6.145344167832023e-05,3948544,42.60859382499996,92670.13166914818
964,2.0943033695220947,0.9106954336166382,,,6.12190283063749e-05,3952640,42.63476521999996,92709.31784434494
965,2.0792555809020996,1.0565601587295532,,,6.098537745285116e-05,3956736,42.661161623,92747.96675641379
966,2.100768566131592,1.7252916097640991,,,6.075249083447097e-05,3960832,42.68837458099995,92784.79302331919
967,2.1048269271850586,1.7306472063064575,,,6.052037016234127e-05,3964928,42.714797546,92823.28906581212
968,2.05977463722229,1.5098663568496704,,,6.028901714194127e-05,3969024,42.74089744999998,92862.43941515558
969,2.048440933227539,1.498208999633789,,,6.0058433473109905e-05,3973120,42.76777644399999,92899.84961463667
970,2.13393235206604,1.4706181287765503,,,5.9828620850033477e-05,3977216,42.79420940599999,92938.18147841217
971,2.1085031032562256,1.940596103668213,,,5.9599580961232995e-05,3981312,42.820216948999985,92977.38973956737
972,2.103363275527954,1.2993661165237427,,,5.9371315489552e-05,3985408,42.846972564,93014.92641159291
973,2.089603900909424,1.2816567420959473,,,5.9143826112144105e-05,3989504,42.87339279499997,93053.14415110316
974,2.0628490447998047,1.6771703958511353,,,5.891711450046056e-05,3993600,42.89927738099999,93092.47716533234
975,2.059631824493408,1.9416805505752563,,,5.869118232023813e-05,3997696,42.92568235599998,93130.63370421223
976,2.132085084915161,1.4418081045150757,,,5.846603123148688e-05,4001792,42.95191660399996,93169.11366016498
977,2.0922372341156006,1.4187175035476685,,,5.824166288847771e-05,4005888,42.977773250999974,93208.36555688221
978,2.046351432800293,1.7521027326583862,,,5.8018078939730606e-05,4009984,43.00403303499996,93246.69611188256
979,2.0821757316589355,0.9753835797309875,,,5.7795281028002096e-05,4014080,43.030523081999945,93284.48070107531
980,2.0704753398895264,1.44600510597229,,,5.757327079027357e-05,4018176,43.056546340999944,93323.23052984287
981,2.0711781978607178,0.9826658964157104,,,5.735204985773902e-05,4022272,43.082349317999956,93362.41091010979
982,2.0569026470184326,0.800704300403595,,,5.713161985579302e-05,4026368,43.109716728999956,93398.15488259651
983,2.0488483905792236,1.5501866340637207,,,5.6911982404019e-05,4030464,43.13600419599999,93436.19269152764
984,2.0733749866485596,1.4353818893432617,,,5.6693139116177204e-05,4034560,43.16198642299997,93474.84521356694
985,2.082914352416992,1.346618890762329,,,5.647509160019275e-05,4038656,43.18843947299996,93512.43178223282
986,2.1239490509033203,1.4986708164215088,,,5.625784145814406e-05,4042752,43.214475203999996,93550.87574049254
987,2.091132879257202,0.9457388520240784,,,5.60413902862508e-05,4046848,43.24016468599996,93590.02282686181
988,2.0985283851623535,1.0858139991760254,,,5.58257396748624e-05,4050944,43.266585547999966,93627.5407151295
989,2.0651004314422607,1.297692060470581,,,5.561089120844628e-05,4055040,43.29278083899999,93665.50083904628
990,2.0681145191192627,1.9373464584350586,,,5.539684646557607e-05,4059136,43.31857962199996,93704.27274901945
991,2.089876174926758,1.4363188743591309,,,5.518360701892024e-05,4063232,43.34479322499999,93742.10136170285
992,2.089475393295288,1.2671717405319214,,,5.4971174435230474e-05,4067328,43.371103225999946,93779.67580870143
993,2.0565524101257324,0.7862679362297058,,,5.4759550275330004e-05,4071424,43.39709717699998,93817.88794292475
994,2.0165884494781494,1.949256181716919,,,5.454873609410237e-05,4075520,43.423053024999945,93856.13668512902
995,2.168241024017334,0.7659764289855957,,,5.433873344047979e-05,4079616,43.44960452299995,93893.05253262926
996,2.0651369094848633,1.0301212072372437,,,5.4129543857431986e-05,4083712,43.475709310999946,93930.88841374614
997,2.0339574813842773,1.3354209661483765,,,5.392116888195472e-05,4087808,43.50145213799999,93969.46076724555
998,2.082627773284912,1.1191481351852417,,,5.371361004505841e-05,4091904,43.52778549999999,94006.71210346781
999,2.1084342002868652,1.0856950283050537,,,5.3506868871757114e-05,4096000,43.553910815999984,94044.36761842502
1000,2.052082061767578,1.0425223112106323,1.967263756436055,7.151082590020343,5.330094688105721e-05,4100096,43.57968059299998,94082.74554124614
1001,2.0197930335998535,1.1647619009017944,,,5.309584558594611e-05,4104192,47.910458500999994,85663.80135799236
1002,2.1099436283111572,1.4853847026824951,,,5.289156649338135e-05,4108288,47.935957461999976,85703.68085912839
1003,2.068408489227295,1.1144527196884155,,,5.2688111104279484e-05,4112384,47.96183630899998,85742.8388167931
1004,2.0669970512390137,1.0373302698135376,,,5.248548091350482e-05,4116480,47.98848581599998,85780.5769447202
1005,2.079038143157959,1.4081412553787231,,,5.2283677409858846e-05,4120576,48.01485887299998,85818.76728824686
1006,2.038071632385254,0.97813481092453,,,5.208270207606885e-05,4124672,48.040762496999946,85857.7546569453
1007,2.1025424003601074,1.1028929948806763,,,5.188255638877739e-05,4128768,48.06773748799998,85894.78547915303
1008,2.052828311920166,1.9141108989715576,,,5.168324181853127e-05,4132864,48.09418051299997,85932.72524693247
1009,2.0784738063812256,0.8678839206695557,,,5.1484759829770666e-05,4136960,48.120289598,85971.21992740339
1010,2.0339720249176025,0.96684730052948,,,5.128711188081857e-05,4141056,48.14724885499999,86008.15412052273
1011,2.1304287910461426,0.9194316267967224,,,5.1090299423869935e-05,4145152,48.173549949999995,86046.22254955907
1012,2.062804698944092,1.3931840658187866,,,5.089432390498099e-05,4149248,48.199466007999945,86084.93710928924
1013,2.075423240661621,1.5784971714019775,,,5.0699186764058724e-05,4153344,48.226165134999974,86122.21163290723
1014,2.051427125930786,1.234048843383789,,,5.050488943485018e-05,4157440,48.25274551799998,86159.65693494327
1015,2.0812363624572754,1.0185624361038208,,,5.031143334493203e-05,4161536,48.27911750199996,86197.43307916944
1016,2.1028990745544434,1.744262933731079,,,5.011881991570007e-05,4165632,48.306412438999985,86233.52034805412
1017,2.1369643211364746,1.6515605449676514,,,4.9927050562358647e-05,4169728,48.33320948199997,86270.45554574377
1018,1.9925854206085205,0.7622808814048767,,,4.973612669391038e-05,4173824,48.359690100999956,86307.91453135668
1019,2.0398216247558594,1.031170129776001,,,4.954604971314593e-05,4177920,48.386961432999954,86343.92150838087
1020,2.112520933151245,1.0337164402008057,,,4.935682101663336e-05,4182016,48.41378016099998,86380.69545680404
1021,2.0404701232910156,0.8435108065605164,,,4.9168441994708216e-05,4186112,48.439998941,86418.49899911624
1022,2.0660300254821777,0.8875854015350342,,,4.898091403146301e-05,4190208,48.46678102799996,86455.25679906938
1023,2.0570147037506104,0.996214747428894,,,4.879423850473734e-05,4194304,48.493444644999954,86492.18529854354
1024,2.007143974304199,0.8971661925315857,,,4.8608416786107586e-05,4198400,48.51996069799998,86529.33637213479
1025,2.048935890197754,0.934808611869812,,,4.842345024087683e-05,4202496,48.54792550099995,86563.86357669269
1026,2.050168037414551,1.128800868988037,,,4.823934022806486e-05,4206592,48.574542435999945,86600.75399665274
1027,2.0542731285095215,0.9787058234214783,,,4.8056088100398317e-05,4210688,48.601147208999976,86637.62569004264
1028,2.0864639282226562,0.816665768623352,,,4.7873695204300506e-05,4214784,48.62849883199999,86673.12586722214
1029,2.079977035522461,1.2766804695129395,,,4.769216287988164e-05,4218880,48.65530795899997,86709.55291363265
1030,2.002166271209717,1.4482516050338745,,,4.751149246092904e-05,4222976,48.68158967099998,86746.87964258614
1031,2.0503456592559814,0.9415582418441772,,,4.7331685274897264e-05,4227072,48.70800527799997,86783.92752637005
1032,2.0136067867279053,0.7488038539886475,,,4.715274264289836e-05,4231168,48.73412739699995,86821.45810330992
1033,2.0783767700195312,1.0463029146194458,,,4.6974665879692166e-05,4235264,48.760139685999945,86859.14411389663
1034,2.056654453277588,1.4983795881271362,,,4.679745629367657e-05,4239360,48.78681791399998,86895.60379758777
1035,2.1260504722595215,0.7928968667984009,,,4.662111518687817e-05,4243456,48.81308436399996,86932.75697057944
1036,1.9848824739456177,0.7672053575515747,,,4.644564385494238e-05,4247552,48.83982099799999,86969.03291627417
1037,2.1154801845550537,1.1615214347839355,,,4.6271043587123986e-05,4251648,48.86665587899995,87005.09424110422
1038,2.0589616298675537,0.8606842160224915,,,4.609731566627788e-05,4255744,48.892825837999965,87042.29970468173
1039,2.0880377292633057,1.7536091804504395,,,4.5924461368849445e-05,4259840,48.91851173599997,87080.32703425665
1040,2.0630950927734375,1.0098971128463745,,,4.5752481964865145e-05,4263936,48.94494143099996,87116.990547656
1041,2.057002067565918,0.9696271419525146,,,4.558137871792338e-05,4268032,48.971243664999974,87153.84132770936
1042,2.0771255493164062,1.6181442737579346,,,4.5411152885184936e-05,4272128,48.996934762999956,87191.74006832154
1043,2.066525459289551,1.4478250741958618,,,4.5241805717364114e-05,4276224,49.02354302399999,87227.96714032948
1044,2.039034366607666,1.1346266269683838,,,4.507333845871915e-05,4280320,49.050048468,87264.33782817684
1045,2.1032824516296387,1.7868947982788086,,,4.4905752347043285e-05,4284416,49.07595023699997,87301.74310042881
1046,2.0798399448394775,1.3855955600738525,,,4.47390486136557e-05,4288512,49.10208751199997,87338.69000889093
1047,2.0683841705322266,0.9753001928329468,,,4.45732284833924e-05,4292608,49.12861647799997,87374.90097898952
1048,2.062973976135254,1.6468292474746704,,,4.440829317459712e-05,4296704,49.154692876999945,87411.87765635451
1049,2.074068069458008,1.3340752124786377,,,4.424424389911262e-05,4300800,49.180636267999944,87449.05162600294
1050,2.0514795780181885,1.0748469829559326,,,4.4081081862271485e-05,4304896,49.207269665999945,87484.95962527451
1051,2.040365219116211,0.973055362701416,,,4.3918808262887536e-05,4308992,49.23352450499999,87521.50172718984
1052,2.0568764209747314,1.2695709466934204,,,4.375742429324687e-05,4313088,49.259479285,87558.53822663892
1053,2.039928674697876,1.6104934215545654,,,4.359693113909909e-05,4317184,49.28611232899999,87594.33024827493
1054,2.0168182849884033,0.929456353187561,,,4.343732997964869e-05,4321280,49.31267447799996,87630.20959100216
1055,2.068579912185669,1.332375407218933,,,4.327862198754636e-05,4325376,49.339017387999945,87666.43984790832
1056,2.094837188720703,1.0907169580459595,,,4.312080832888026e-05,4329472,49.365944850999995,87701.59293147408
1057,2.058457851409912,1.2452751398086548,,,4.296389016316761e-05,4333568,49.392453467999985,87737.45169001576
1058,2.0703060626983643,1.6112899780273438,,,4.280786864334611e-05,4337664,49.41857276099995,87773.96346466705
1059,2.0389766693115234,1.3719277381896973,,,4.265274491576537e-05,4341760,49.445494477999944,87809.0116366781
1060,2.09074068069458,1.0069408416748047,,,4.2498520120178716e-05,4345856,49.47209004599995,87844.60078317195
1061,2.011263132095337,1.3669567108154297,,,4.2345195389734525e-05,4349952,49.498531609999986,87880.42510580651
1062,2.0513968467712402,1.6957823038101196,,,4.2192771850968196e-05,4354048,49.525729367,87914.8688096089
1063,2.0412089824676514,1.2125613689422607,,,4.2041250623793636e-05,4358144,49.552421279999976,87950.17251274068
1064,2.1169254779815674,0.9590350389480591,,,4.189063282149514e-05,4362240,49.578564625999945,87986.41172665895
1065,2.022639036178589,1.038745641708374,,,4.174091955071921e-05,4366336,49.605656904,88020.92891240225
1066,2.0225400924682617,1.2758368253707886,,,4.1592111911466453e-05,4370432,49.63225537899996,88056.28449939805
1067,2.0993690490722656,1.1774656772613525,,,4.1444210997083315e-05,4374528,49.65852351699999,88092.1882122096
1068,2.075087547302246,0.9935492277145386,,,4.129721789425437e-05,4378624,49.68581141899995,88126.24519855595
1069,2.059612989425659,1.0590845346450806,,,4.1151133682994e-05,4382720,49.71260791599997,88161.13625351417
1070,2.043179512023926,0.8023127913475037,,,4.100595943663872e-05,4386816,49.739054259,88196.61059812432
1071,2.084204912185669,0.9717142581939697,,,4.0861696221839146e-05,4390912,49.76619631999995,88230.81377901867
1072,2.043248176574707,1.108324646949768,,,4.071834509855216e-05,4395008,49.792624812999975,88266.24457950931
1073,2.0271189212799072,1.6841492652893066,,,4.057590712003321e-05,4399104,49.81905435799996,88301.63592403858
1074,2.063027858734131,0.9584832787513733,,,4.043438333282853e-05,4403200,49.846228876,88335.66950377777
1075,2.046144962310791,1.0272682905197144,,,4.0293774776767376e-05,4407296,49.87280694699996,88370.72284067853
1076,2.071902275085449,0.7994382977485657,,,4.015408248495453e-05,4411392,49.89905430699997,88406.32475435828
1077,2.0099096298217773,1.8597018718719482,,,4.0015307483762575e-05,4415488,49.92588338499996,88440.85874155241
1078,2.0631284713745117,1.7148497104644775,,,3.987745079282441e-05,4419584,49.95260915199998,88475.53861604547
1079,2.084620952606201,0.9521052241325378,,,3.974051342502582e-05,4423680,49.97877541499997,88511.17225798083
1080,2.042278289794922,1.7942124605178833,,,3.960449638649789e-05,4427776,50.00607734199997,88544.75766450737
1081,2.060558795928955,1.9359709024429321,,,3.946940067660972e-05,4431872,50.03266079499997,88579.57841096671
1082,2.034735918045044,1.3697704076766968,,,3.933522728796113e-05,4435968,50.05896572499995,88614.85521632807
1083,2.0165324211120605,1.1130954027175903,,,3.9201977206375185e-05,4440064,50.08615232,88648.53446183028
1084,2.0129406452178955,1.8233929872512817,,,3.906965141089113e-05,4444160,50.112698774999956,88683.30999201916
1085,2.015878200531006,2.052263021469116,,,3.893825087375707e-05,4448256,50.13879827399995,88718.83956394492
1086,2.037479877471924,0.856264591217041,,,3.880777656042295e-05,4452352,50.16552591699997,88753.22083469274
1087,2.0041160583496094,1.2157045602798462,,,3.867822942953337e-05,4456448,50.191873673999964,88788.23749328364
1088,2.0613536834716797,1.4027960300445557,,,3.8549610432920527e-05,4460544,50.21777871499995,88824.00046634568
1089,2.001891851425171,1.0330586433410645,,,3.842192051559731e-05,4464640,50.24462081399997,88858.06933497624
1090,2.050095558166504,1.209708333015442,,,3.829516061575032e-05,4468736,50.27155610799997,88891.93703094596
1091,2.1006875038146973,1.1511459350585938,,,3.816933166473289e-05,4472832,50.29762032499997,88927.30851079291
1092,2.082759380340576,1.0431100130081177,,,3.804443458705841e-05,4476928,50.32438159199995,88961.411116708
1093,2.0104598999023438,1.1903303861618042,,,3.7920470300393345e-05,4481024,50.351369353999985,88995.07714468983
1094,2.0142459869384766,1.6406822204589844,,,3.7797439715550664e-05,4485120,50.37756319099998,89030.11015033122
1095,1.9529588222503662,1.3671400547027588,,,3.767534373648308e-05,4489216,50.404464163,89063.8572306332
1096,2.0641980171203613,1.28322434425354,,,3.75541832602763e-05,4493312,50.43119048599999,89097.87686347343
1097,1.9884493350982666,1.4855653047561646,,,3.7433959177142625e-05,4497408,50.45768836099995,89132.26400352028
1098,2.03281569480896,1.107356071472168,,,3.7314672370414325e-05,4501504,50.48472938599997,89165.65572892467
1099,2.0250720977783203,0.8175073266029358,,,3.719632371653707e-05,4505600,50.51136144399999,89199.73390531527
1100,2.0352139472961426,1.1904250383377075,,,3.7078914085063636e-05,4509696,50.53758943499997,89234.48962282311
1101,2.001622200012207,0.7178471088409424,,,3.6962444338647375e-05,4513792,50.56432598499998,89268.31144429822
1102,2.051074266433716,1.093565821647644,,,3.6846915333036e-05,4517888,50.59111002699996,89302.01368558328
1103,2.028892993927002,0.8603488206863403,,,3.6732327917065267e-05,4521984,50.61735186799996,89336.63720283985
1104,2.0060906410217285,1.329752802848816,,,3.66186829326526e-05,4526080,50.644229435,89370.102981013
1105,2.003995895385742,1.0366581678390503,,,3.6505981214791096e-05,4530176,50.67110113399997,89403.54360999435
1106,1.9834446907043457,1.0458941459655762,,,3.639422359154336e-05,4534272,50.697451358999956,89437.86873805172
1107,2.052736759185791,1.2323997020721436,,,3.6283410884035256e-05,4538368,50.72432975799995,89471.22656232306
1108,2.084571123123169,1.048337697982788,,,3.617354390645012e-05,4542464,50.750872209999955,89505.1415314386
1109,2.0560591220855713,1.1295855045318604,,,3.60646234660225e-05,4546560,50.77729983199998,89539.22353182605
1110,1.9589495658874512,1.2905038595199585,,,3.5956650363032504e-05,4550656,50.80406908599997,89572.6677384198
1111,2.03635835647583,0.8482862710952759,,,3.584962539079976e-05,4554752,50.830590377999954,89606.51383603342
1112,2.0534281730651855,0.9300140738487244,,,3.5743549335677546e-05,4558848,50.85751399199995,89639.61550926616
1113,1.9858760833740234,0.9887169003486633,,,3.5638422977047186e-05,4562944,50.88489412599995,89671.87764410688
1114,2.011070489883423,1.0904250144958496,,,3.553424708731217e-05,4567040,50.91192735599998,89704.71630478892
1115,2.071528911590576,0.8070924282073975,,,3.543102243189252e-05,4571136,50.93836473099998,89738.56982138468
1116,1.9645464420318604,0.7858148813247681,,,3.532874976921914e-05,4575232,50.96552022599997,89771.1232949596
1117,2.0682919025421143,1.1795774698257446,,,3.5227429850728423e-05,4579328,50.992090374999975,89804.67296640028
1118,2.0322654247283936,1.2628806829452515,,,3.5127063420856434e-05,4583424,51.01834838299999,89838.73734194147
1119,2.048781394958496,1.0039852857589722,,,3.502765121703368e-05,4587520,51.04590061599998,89870.48802430324
1120,2.0091376304626465,1.1309680938720703,,,3.492919396967954e-05,4591616,51.074089543999946,89901.08371964922
1121,1.9890413284301758,1.1839141845703125,,,3.483169240219703e-05,4595712,51.10108434,89933.74718670403
1122,2.0383458137512207,1.206446647644043,,,3.473514723096741e-05,4599808,51.12799894699998,89966.51726519216
1123,2.046078681945801,0.9954621195793152,,,3.4639559165344884e-05,4603904,51.15440568399998,90000.1463889552
1124,1.9851406812667847,1.33366060256958,,,3.454492890765143e-05,4608000,51.18067003699997,90033.99128359876
1125,1.994799017906189,0.9022117853164673,,,3.445125715317175e-05,4612096,51.207363717999954,90067.04632167575
1126,2.023967742919922,1.4383397102355957,,,3.4358544590147966e-05,4616192,51.23352787499999,90100.99814446949
1127,2.0078375339508057,1.0770119428634644,,,3.4266791899774644e-05,4620288,51.25988627099997,90134.57375955797
1128,2.06929349899292,1.6986773014068604,,,3.417599975619385e-05,4624384,51.286794418,90167.14833666796
1129,2.0991647243499756,1.153248906135559,,,3.408616882649014e-05,4628480,51.312985524,90200.94918926862
1130,2.051142692565918,0.9959245324134827,,,3.3997299770685644e-05,4632576,51.339116897,90234.82054228138
1131,2.006704092025757,1.0741592645645142,,,3.3909393241735226e-05,4636672,51.366218936999985,90266.95162606418
1132,2.023087739944458,1.282124400138855,,,3.382244988552172e-05,4640768,51.39280914099999,90299.94813608473
1133,2.012207508087158,1.273972988128662,,,3.373647034085119e-05,4644864,51.41901468499998,90333.58629011236
1134,1.9975574016571045,0.8354851603507996,,,3.3651455239448155e-05,4648960,51.44591343099995,90365.9725322062
1135,2.0421435832977295,0.8799747824668884,,,3.3567405205951006e-05,4653056,51.47262620999999,90398.65152821782
1136,1.9520251750946045,1.4280451536178589,,,3.348432085790745e-05,4657152,51.49925541399995,90431.44337838261
1137,1.9882798194885254,1.4010639190673828,,,3.3402202805769916e-05,4661248,51.52667030199996,90462.82192659125
1138,2.0030670166015625,0.9717372059822083,,,3.3321051652891066e-05,4665344,51.55359949899997,90495.01965600865
1139,1.9543033838272095,1.3413488864898682,,,3.324086799551944e-05,4669440,51.58026654499997,90527.64386020105
1140,1.9976907968521118,1.1531504392623901,,,3.316165242279491e-05,4673536,51.607628561999945,90559.0148244333
1141,2.0071539878845215,0.858552873134613,,,3.308340551674461e-05,4677632,51.63451551999998,90591.18600983442
1142,2.0882558822631836,1.2599965333938599,,,3.3006127852278395e-05,4681728,51.66099426999995,90624.0397838941
1143,2.0450849533081055,1.3323577642440796,,,3.292981999718477e-05,4685824,51.68758827199997,90656.65775198083
1144,2.003204345703125,1.1228188276290894,,,3.28544825121267e-05,4689920,51.71369466599998,90690.09728062352
1145,2.010735511779785,1.3095179796218872,,,3.2780115950637426e-05,4694016,51.739608901,90723.84000779095
1146,2.0040407180786133,0.8182607293128967,,,3.270672085911647e-05,4698112,51.76636882899999,90756.06626996165
1147,2.0124409198760986,0.8809931874275208,,,3.263429777682562e-05,4702208,51.79281878299997,90788.8025886595
1148,2.0490176677703857,0.7902594804763794,,,3.256284723588486e-05,4706304,51.81880069299996,90822.32581727351
1149,2.001197099685669,1.2538729906082153,,,3.2492369761268655e-05,4710400,51.84551066099999,90854.53957237859
1150,2.0613536834716797,1.0340559482574463,,,3.2422865870801866e-05,4714496,51.87207604499997,90886.97348280583
1151,2.026703357696533,1.4074100255966187,,,3.235433607515615e-05,4718592,51.898247767999976,90920.06383516948
1152,2.0441064834594727,1.3517626523971558,,,3.228678087784604e-05,4722688,51.925008584999944,90952.08895861957
1153,2.095400333404541,1.200150966644287,,,3.222020077522542e-05,4726784,51.95156704599998,90984.43548035265
1154,2.0336222648620605,0.8291867971420288,,,3.2154596256483665e-05,4730880,51.97767013399999,91017.5463387191
1155,2.0626015663146973,1.555234432220459,,,3.2089967803642264e-05,4734976,52.00445261099998,91049.43446704904
1156,2.017055034637451,0.9941233396530151,,,3.20263158915511e-05,4739072,52.03088154699998,91081.90864917697
1157,2.041614532470703,0.9159206748008728,,,3.196364098788508e-05,4743168,52.05698987899996,91114.91100474515
1158,2.0400032997131348,0.7538770437240601,,,3.190194355314069e-05,4747264,52.08376259199997,91146.71759004555
1159,2.073464870452881,1.4336841106414795,,,3.1841224040632484e-05,4751360,52.110892397999976,91177.86668689553
1160,1.977171540260315,1.3656730651855469,,,3.178148289648993e-05,4755456,52.13753861299995,91209.82935727382
1161,2.0137205123901367,0.8599019646644592,,,3.172272055965402e-05,4759552,52.16461346299997,91241.00964298184
1162,1.9823272228240967,1.163739562034607,,,3.166493746187408e-05,4763648,52.19109121099996,91273.20179494539
1163,2.0127053260803223,1.6147727966308594,,,3.16081340277046e-05,4767744,52.21709612199999,91306.18808944577
1164,2.112499713897705,1.3471779823303223,,,3.155231067450206e-05,4771840,52.244069492999984,91337.44837085028
1165,1.999766230583191,0.8527100682258606,,,3.1497467812421986e-05,4775936,52.27360072399995,91364.2055234826
1166,1.999690055847168,1.304281234741211,,,3.1443605844415804e-05,4780032,52.299775806999946,91396.79714191485
1167,2.0268802642822266,2.225083112716675,,,3.1390725166227965e-05,4784128,52.32704659799998,91427.44165849514
1168,2.0238308906555176,1.519260287284851,,,3.133882616639301e-05,4788224,52.356304103999946,91454.58377827296
1169,1.934796929359436,1.44863760471344,,,3.128790922623269e-05,4792320,52.385718140999984,91481.42222849978
1170,2.060182809829712,1.795370101928711,,,3.1237974719853204e-05,4796416,52.41298173499996,91511.98503169844
1171,1.988307237625122,1.7120933532714844,,,3.118902301414244e-05,4800512,52.43922647199997,91544.29466199779
1172,2.03053617477417,0.8808062076568604,,,3.114105446876729e-05,4804608,52.46641035899995,91574.93274505733
1173,2.006143569946289,2.1242868900299072,,,3.109406943617093e-05,4808704,52.49300724999995,91606.5634627935
1174,1.9964040517807007,1.6809613704681396,,,3.1048068261570365e-05,4812800,52.51916594399995,91638.92673261004
1175,1.9992258548736572,1.1901687383651733,,,3.100305128295377e-05,4816896,52.54606813799995,91669.96067811486
1176,2.0333685874938965,1.0144237279891968,,,3.0959018831078074e-05,4820992,52.572717427999976,91701.40399538037
1177,1.9857882261276245,1.116465449333191,,,3.0915971229466525e-05,4825088,52.59943473199996,91732.6968357049
1178,2.0459208488464355,1.148261547088623,,,3.087390879440627e-05,4829184,52.62672709899999,91762.95517894297
1179,1.9888603687286377,1.5097858905792236,,,3.08328318349461e-05,4833280,52.653594597999984,91793.92284422666
1180,2.0360310077667236,0.9725033044815063,,,3.079274065289411e-05,4837376,52.68024431399999,91825.23853091637
1181,2.0619421005249023,0.8839653730392456,,,3.0753635542815507e-05,4841472,52.70693476299999,91856.45156126001
1182,2.028956890106201,1.6163002252578735,,,3.0715516792030475e-05,4845568,52.73320946599995,91888.35743297986
1183,2.0532360076904297,1.844584345817566,,,3.067838468061204e-05,4849664,52.759323809999955,91920.51091224939
1184,2.0758776664733887,1.0878493785858154,,,3.0642239481383985e-05,4853760,52.786160337999945,91951.37454439649
1185,2.037001848220825,0.9109983444213867,,,3.06070814599189e-05,4857856,52.81247195199995,91983.12104033293
1186,2.0355186462402344,1.2641316652297974,,,3.057291087453619e-05,4861952,52.83850070099999,92015.32851040919
1187,1.933000922203064,1.4144647121429443,,,3.053972797630017e-05,4866048,52.86531670099998,92046.13352686026
1188,2.0492985248565674,1.1916126012802124,,,3.05075330090183e-05,4870144,52.89180799099995,92077.47258003928
1189,2.0827410221099854,0.9125295877456665,,,3.047632620923927e-05,4874240,52.91779742599999,92109.65378549845
1190,1.9421944618225098,1.2447214126586914,,,3.0446107806251366e-05,4878336,52.94444499399998,92140.65801526196
1191,1.9956730604171753,0.9909895062446594,,,3.0416878022080726e-05,4882432,52.97091273799998,92171.94395250561
1192,2.0237865447998047,0.9870645403862,,,3.0388637071489727e-05,4886528,52.996871855999984,92204.08354057933
1193,2.0233139991760254,1.2777084112167358,,,3.036138516197542e-05,4890624,53.02358845499998,92234.87399670377
1194,1.9902563095092773,1.0930558443069458,,,3.0335122493767998e-05,4894720,53.04998619199995,92266.18801152741
1195,1.9950222969055176,0.9995942711830139,,,3.030984925982929e-05,4898816,53.07587510999997,92298.35570015914
1196,2.056239366531372,1.0623804330825806,,,3.0285565645851412e-05,4902912,53.102182373999995,92329.76463130402
1197,2.0031161308288574,1.3049112558364868,,,3.0262271830255353e-05,4907008,53.12849658099998,92361.13038731956
1198,2.050860643386841,1.3509565591812134,,,3.0239967984189647e-05,4911104,53.15443330099998,92393.1212320461
1199,2.001404285430908,0.7398245334625244,,,3.0218654271529185e-05,4915200,53.18050389399997,92424.84820747537
1200,2.0773308277130127,0.8611571788787842,,,3.019833084887395e-05,4919296,53.20725391299999,92455.36347437922
1201,2.015420436859131,2.415846824645996,,,3.017899786554788e-05,4923392,53.233908346999954,92486.01413796931
1202,2.01479434967041,0.9221280217170715,,,3.016065546359779e-05,4927488,53.259785814,92517.98377876218
1203,2.0285463333129883,1.0738214254379272,,,3.0143303777792305e-05,4931584,53.28618374299998,92549.01840569217
1204,2.032465934753418,0.9298982620239258,,,3.0126942935620887e-05,4935680,53.31222084899997,92580.64889061141
1205,2.0421459674835205,1.1857256889343262,,,3.0111573057292896e-05,4939776,53.33800671099999,92612.68473651569
1206,2.0630741119384766,0.9608080387115479,,,3.009719425573669e-05,4943872,53.36489235399995,92642.78033588939
1207,2.0254034996032715,1.0667026042938232,,,3.0083806636598807e-05,4947968,53.39159903699999,92673.15625012643
1208,2.0170373916625977,0.9985560774803162,,,3.0071410298243213e-05,4952064,53.418309929999964,92703.49448511658
1209,1.9872324466705322,0.7508913278579712,,,3.006000533175052e-05,4956160,53.44538753299997,92733.16611166506
1210,2.026317834854126,0.9588279724121094,,,3.004959182091738e-05,4960256,53.47160828699998,92764.29415357491
1211,2.0429916381835938,1.2400906085968018,,,3.0040169842255847e-05,4964352,53.49784079899996,92795.37128707443
1212,2.008819341659546,0.8417143225669861,,,3.0031739464992773e-05,4968448,53.524914302999946,92824.95945484456
1213,2.0069689750671387,0.912000298500061,,,3.0024300751069362e-05,4972544,53.55135584599998,92855.61348436754
1214,2.096818447113037,0.9222344756126404,,,3.0017853755140702e-05,4976640,53.577457282999944,92886.82689275515
1215,1.9781835079193115,1.7663246393203735,,,3.001239852457532e-05,4980736,53.604341905999945,92916.65232518235
1216,2.004826068878174,1.0809216499328613,,,3.0007935099454875e-05,4984832,53.630879574999994,92947.04915344474
1217,1.9411319494247437,0.8439499139785767,,,3.0004463512573856e-05,4988928,53.656904301,92978.3047492552
1218,2.017843008041382,1.0328788757324219,,,3.000198378943935e-05,4993024,53.683917076,93007.81820617533
1219,2.0556323528289795,1.0832889080047607,,,3.0000495948270818e-05,4997120,53.71048763299996,93038.06798673986
1220,2.071650981903076,1.2546701431274414,1.8916519146487343,6.630312349647294,3e-05,5001216,53.736670723999964,93068.95891796192
